2026/02/18 12:42:05 logger.go:21: === API Started ===
2026/02/18 12:42:05 db.go:32: Database connected
2026/02/18 12:42:05 db.go:42: Migration done
2026/02/18 12:42:05 notification.go:35: ✅ FCM initialized
2026/02/18 12:42:05 main.go:63: Go API running on :8081
2026/02/18 12:45:33 notification.go:38: [PUSH] Attempting to send notification for booking #2
2026/02/18 12:45:33 notification.go:50: [PUSH] Sending to device: evJ2CpAARcqpXFw6hDUP...
2026/02/18 12:45:33 notification.go:71: [PUSH] ✅ Sent for booking #2, MessageID: projects/seesail-abb48/messages/0:1771418733438086%c6ccaea8c6ccaea8
2026/02/18 22:25:38 logger.go:21: === API Started ===
2026/02/18 22:25:38 db.go:32: Database connected
2026/02/18 22:25:38 db.go:42: Migration done
2026/02/18 22:25:38 notification.go:35: ✅ FCM initialized
2026/02/18 22:25:38 main.go:63: Go API running on :8081
2026/02/19 12:14:54 logger.go:21: === API Started ===
2026/02/19 12:14:54 db.go:32: Database connected
2026/02/19 12:14:54 db.go:42: Migration done
2026/02/19 12:14:54 notification.go:35: ✅ FCM initialized
2026/02/19 12:14:54 main.go:63: Go API running on :8081
2026/02/19 12:15:24 logger.go:21: === API Started ===
2026/02/19 12:15:24 db.go:32: Database connected
2026/02/19 12:15:24 db.go:42: Migration done
2026/02/19 12:15:24 notification.go:35: ✅ FCM initialized
2026/02/19 12:15:24 main.go:63: Go API running on :8081
2026/02/24 17:11:58 notification.go:38: [PUSH] Attempting to send notification for booking #1
2026/02/24 17:11:58 notification.go:50: [PUSH] Sending to device: fJjGLL5nRvybqPagCUGv...
2026/02/24 17:11:59 notification.go:71: [PUSH] ✅ Sent for booking #1, MessageID: projects/seesail-abb48/messages/0:1771953119094296%c6ccaea8c6ccaea8
2026/02/25 08:36:15 notification.go:38: [PUSH] Attempting to send notification for booking #2
2026/02/25 08:36:15 notification.go:50: [PUSH] Sending to device: cJGSaVhjRZebqLu69bcy...
2026/02/25 08:36:15 notification.go:71: [PUSH] ✅ Sent for booking #2, MessageID: projects/seesail-abb48/messages/0:1772008575884655%c6ccaea8c6ccaea8
2026/04/21 10:07:49 notification.go:38: [PUSH] Attempting to send notification for booking #1
2026/04/21 10:07:49 notification.go:50: [PUSH] Sending to device: fRvSbDi-sEVts29dL-zv...
2026/04/21 10:07:49 notification.go:69: [PUSH] ❌ Failed for booking #1: Request is missing required authentication credential. Expected OAuth 2 access token, login cookie or other valid authentication credential. See https://developers.google.com/identity/sign-in/web/devconsole-project.
2026/05/11 08:29:21 notification.go:38: [PUSH] Attempting to send notification for booking #1
2026/05/11 08:29:21 notification.go:50: [PUSH] Sending to device: fRvSbDi-sEVts29dL-zv...
2026/05/11 08:29:21 notification.go:69: [PUSH] ❌ Failed for booking #1: Request is missing required authentication credential. Expected OAuth 2 access token, login cookie or other valid authentication credential. See https://developers.google.com/identity/sign-in/web/devconsole-project.
2026/05/19 06:32:04 notification.go:38: [PUSH] Attempting to send notification for booking #2
2026/05/19 06:32:04 notification.go:50: [PUSH] Sending to device: cJGSaVhjRZebqLu69bcy...
2026/05/19 06:32:04 notification.go:71: [PUSH] ✅ Sent for booking #2, MessageID: projects/seesail-abb48/messages/0:1779172324756787%c6ccaea8c6ccaea8
2026/05/30 14:28:48 logger.go:21: === API Started ===
2026/05/30 14:28:48 db.go:32: Database connected
2026/05/30 14:28:49 db.go:42: Migration done
2026/05/30 14:28:49 notification.go:35: ✅ FCM initialized
2026/05/30 14:28:49 main.go:63: Go API running on :8081
2026/05/30 14:48:26 logger.go:21: === API Started ===
2026/05/30 14:48:26 db.go:32: Database connected
2026/05/30 14:48:26 db.go:42: Migration done
2026/05/30 14:48:26 notification.go:35: ✅ FCM initialized
2026/05/30 14:48:26 main.go:63: Go API running on :8081
2026/06/15 09:59:50 notification.go:38: [PUSH] Attempting to send notification for booking #1
2026/06/15 09:59:50 notification.go:50: [PUSH] Sending to device: cJGSaVhjRZebqLu69bcy...
2026/06/15 09:59:50 notification.go:71: [PUSH] ✅ Sent for booking #1, MessageID: projects/seesail-abb48/messages/0:1781517590705728%c6ccaea8c6ccaea8
2026/06/15 10:02:18 notification.go:38: [PUSH] Attempting to send notification for booking #1
2026/06/15 10:02:18 notification.go:50: [PUSH] Sending to device: c4N7VDL8THya4-s0_EFK...
2026/06/15 10:02:18 notification.go:71: [PUSH] ✅ Sent for booking #1, MessageID: projects/seesail-abb48/messages/0:1781517738822363%c6ccaea8c6ccaea8
2026/06/15 10:07:07 notification.go:38: [PUSH] Attempting to send notification for booking #1
2026/06/15 10:07:07 notification.go:50: [PUSH] Sending to device: c8DfQkU7ykEZptS929Vc...
2026/06/15 10:07:08 notification.go:69: [PUSH] ❌ Failed for booking #1: Request is missing required authentication credential. Expected OAuth 2 access token, login cookie or other valid authentication credential. See https://developers.google.com/identity/sign-in/web/devconsole-project.
2026/06/15 10:09:56 notification.go:38: [PUSH] Attempting to send notification for booking #1
2026/06/15 10:09:56 notification.go:50: [PUSH] Sending to device: eCmK1IWRmkUErwWI5fpO...
2026/06/15 10:09:56 notification.go:69: [PUSH] ❌ Failed for booking #1: Request is missing required authentication credential. Expected OAuth 2 access token, login cookie or other valid authentication credential. See https://developers.google.com/identity/sign-in/web/devconsole-project.
2026/06/15 10:12:28 notification.go:38: [PUSH] Attempting to send notification for booking #1
2026/06/15 10:12:28 notification.go:50: [PUSH] Sending to device: c4N7VDL8THya4-s0_EFK...
2026/06/15 10:12:28 notification.go:71: [PUSH] ✅ Sent for booking #1, MessageID: projects/seesail-abb48/messages/0:1781518348658863%c6ccaea8c6ccaea8
2026/06/15 10:16:27 notification.go:38: [PUSH] Attempting to send notification for booking #1
2026/06/15 10:16:27 notification.go:50: [PUSH] Sending to device: c4N7VDL8THya4-s0_EFK...
2026/06/15 10:16:28 notification.go:71: [PUSH] ✅ Sent for booking #1, MessageID: projects/seesail-abb48/messages/0:1781518587964757%c6ccaea8c6ccaea8
2026/06/15 11:05:43 notification.go:38: [PUSH] Attempting to send notification for booking #1
2026/06/15 11:05:43 notification.go:50: [PUSH] Sending to device: eE9IkoSkSquSR6jKJN5S...
2026/06/15 11:05:43 notification.go:71: [PUSH] ✅ Sent for booking #1, MessageID: projects/seesail-abb48/messages/0:1781521543909030%c6ccaea8c6ccaea8
2026/06/15 11:30:00 notification.go:38: [PUSH] Attempting to send notification for booking #2
2026/06/15 11:30:00 notification.go:50: [PUSH] Sending to device: cJGSaVhjRZebqLu69bcy...
2026/06/15 11:30:00 notification.go:71: [PUSH] ✅ Sent for booking #2, MessageID: projects/seesail-abb48/messages/0:1781523000514453%c6ccaea8c6ccaea8
2026/06/15 15:24:28 logger.go:21: === API Started ===
2026/06/15 15:24:28 db.go:32: Database connected
2026/06/15 15:24:28 db.go:42: Migration done
2026/06/15 15:24:28 notification.go:35: ✅ FCM initialized
2026/06/15 15:24:28 main.go:63: Go API running on :8081
2026/06/19 15:40:45 logger.go:21: === API Started ===
2026/06/19 15:40:45 db.go:32: Database connected
2026/06/19 15:40:45 db.go:42: Migration done
2026/06/19 15:40:45 notification.go:35: ✅ FCM initialized
2026/06/19 15:40:45 main.go:63: Go API running on :8081
2026/06/19 15:44:28 notification.go:38: [PUSH] Attempting to send notification for booking #1
2026/06/19 15:44:28 notification.go:50: [PUSH] Sending to device: eE9IkoSkSquSR6jKJN5S...
2026/06/19 15:44:28 notification.go:77: [PUSH] ✅ Sent for booking #1, MessageID: projects/seesail-abb48/messages/0:1781883868512719%c6ccaea8c6ccaea8
2026/06/20 10:50:02 notification.go:38: [PUSH] Attempting to send notification for booking #1
2026/06/20 10:50:02 notification.go:50: [PUSH] Sending to device: cruTEplnQPWoiPYBfXVR...
2026/06/20 10:50:02 notification.go:77: [PUSH] ✅ Sent for booking #1, MessageID: projects/seesail-abb48/messages/0:1781952602731313%c6ccaea8c6ccaea8
2026/06/20 11:31:24 notification.go:38: [PUSH] Attempting to send notification for booking #1
2026/06/20 11:31:24 notification.go:50: [PUSH] Sending to device: cruTEplnQPWoiPYBfXVR...
2026/06/20 11:31:24 notification.go:77: [PUSH] ✅ Sent for booking #1, MessageID: projects/seesail-abb48/messages/0:1781955084723134%c6ccaea8c6ccaea8
2026/06/20 11:40:52 notification.go:38: [PUSH] Attempting to send notification for booking #1
2026/06/20 11:40:52 notification.go:50: [PUSH] Sending to device: cruTEplnQPWoiPYBfXVR...
2026/06/20 11:40:52 notification.go:77: [PUSH] ✅ Sent for booking #1, MessageID: projects/seesail-abb48/messages/0:1781955652596510%c6ccaea8c6ccaea8
2026/06/20 11:42:20 notification.go:38: [PUSH] Attempting to send notification for booking #1
2026/06/20 11:42:20 notification.go:50: [PUSH] Sending to device: cruTEplnQPWoiPYBfXVR...
2026/06/20 11:42:20 notification.go:77: [PUSH] ✅ Sent for booking #1, MessageID: projects/seesail-abb48/messages/0:1781955740518850%c6ccaea8c6ccaea8
2026/06/20 11:52:31 notification.go:38: [PUSH] Attempting to send notification for booking #1
2026/06/20 11:52:31 notification.go:50: [PUSH] Sending to device: cruTEplnQPWoiPYBfXVR...
2026/06/20 11:52:31 notification.go:77: [PUSH] ✅ Sent for booking #1, MessageID: projects/seesail-abb48/messages/0:1781956351789391%c6ccaea8c6ccaea8
2026/06/20 12:25:30 notification.go:38: [PUSH] Attempting to send notification for booking #1
2026/06/20 12:25:30 notification.go:50: [PUSH] Sending to device: cruTEplnQPWoiPYBfXVR...
2026/06/20 12:25:30 notification.go:77: [PUSH] ✅ Sent for booking #1, MessageID: projects/seesail-abb48/messages/0:1781958330218165%c6ccaea8c6ccaea8
2026/06/20 12:31:53 notification.go:38: [PUSH] Attempting to send notification for booking #1
2026/06/20 12:31:53 notification.go:50: [PUSH] Sending to device: cruTEplnQPWoiPYBfXVR...
2026/06/20 12:31:53 notification.go:77: [PUSH] ✅ Sent for booking #1, MessageID: projects/seesail-abb48/messages/0:1781958713417922%c6ccaea8c6ccaea8
2026/06/20 12:35:27 notification.go:38: [PUSH] Attempting to send notification for booking #1
2026/06/20 12:35:27 notification.go:50: [PUSH] Sending to device: cruTEplnQPWoiPYBfXVR...
2026/06/20 12:35:27 notification.go:77: [PUSH] ✅ Sent for booking #1, MessageID: projects/seesail-abb48/messages/0:1781958927809761%c6ccaea8c6ccaea8
2026/06/20 12:36:42 notification.go:38: [PUSH] Attempting to send notification for booking #1
2026/06/20 12:36:42 notification.go:50: [PUSH] Sending to device: cruTEplnQPWoiPYBfXVR...
2026/06/20 12:36:42 notification.go:77: [PUSH] ✅ Sent for booking #1, MessageID: projects/seesail-abb48/messages/0:1781959002510962%c6ccaea8c6ccaea8
2026/06/20 12:59:55 logger.go:21: === API Started ===
2026/06/20 12:59:55 db.go:32: Database connected
2026/06/20 12:59:55 db.go:42: Migration done
2026/06/20 12:59:55 notification.go:35: ✅ FCM initialized
2026/06/20 12:59:55 main.go:63: Go API running on :8081
2026/06/20 13:15:21 logger.go:21: === API Started ===
2026/06/20 13:15:21 db.go:32: Database connected
2026/06/20 13:15:21 db.go:42: Migration done
2026/06/20 13:15:21 notification.go:35: ✅ FCM initialized
2026/06/20 13:15:21 main.go:63: Go API running on :8081
2026/06/20 13:48:24 notification.go:38: [PUSH] Attempting to send notification for booking #1
2026/06/20 13:48:24 notification.go:50: [PUSH] Sending to device: cJGSaVhjRZebqLu69bcy...
2026/06/20 13:48:24 notification.go:78: [PUSH] ✅ Sent for booking #1, MessageID: projects/seesail-abb48/messages/0:1781963304455641%c6ccaea8c6ccaea8
2026/06/20 13:53:00 notification.go:38: [PUSH] Attempting to send notification for booking #1
2026/06/20 13:53:00 notification.go:50: [PUSH] Sending to device: cruTEplnQPWoiPYBfXVR...
2026/06/20 13:53:01 notification.go:78: [PUSH] ✅ Sent for booking #1, MessageID: projects/seesail-abb48/messages/0:1781963581055577%c6ccaea8c6ccaea8
2026/06/20 14:00:41 notification.go:38: [PUSH] Attempting to send notification for booking #1
2026/06/20 14:00:41 notification.go:50: [PUSH] Sending to device: cruTEplnQPWoiPYBfXVR...
2026/06/20 14:00:41 notification.go:78: [PUSH] ✅ Sent for booking #1, MessageID: projects/seesail-abb48/messages/0:1781964041958367%c6ccaea8c6ccaea8
2026/06/20 15:30:25 notification.go:38: [PUSH] Attempting to send notification for booking #3
2026/06/20 15:30:25 notification.go:50: [PUSH] Sending to device: cruTEplnQPWoiPYBfXVR...
2026/06/20 15:30:26 notification.go:78: [PUSH] ✅ Sent for booking #3, MessageID: projects/seesail-abb48/messages/0:1781969426020523%c6ccaea8c6ccaea8
2026/06/22 08:11:01 notification.go:38: [PUSH] Attempting to send notification for booking #4
2026/06/22 08:11:01 notification.go:50: [PUSH] Sending to device: dMxXSZBNTAuxVtUbn_SZ...
2026/06/22 08:11:01 notification.go:78: [PUSH] ✅ Sent for booking #4, MessageID: projects/seesail-abb48/messages/0:1782115861745285%c6ccaea8c6ccaea8
2026/06/30 23:11:25 notification.go:38: [PUSH] Attempting to send notification for booking #5
2026/06/30 23:11:25 notification.go:50: [PUSH] Sending to device: d-iESKjtBEuyu4S131xi...
2026/06/30 23:11:26 notification.go:76: [PUSH] ❌ Failed for booking #5: Request is missing required authentication credential. Expected OAuth 2 access token, login cookie or other valid authentication credential. See https://developers.google.com/identity/sign-in/web/devconsole-project.
2026/07/28 06:26:17 logger.go:21: === API Started ===
2026/07/28 06:26:17 db.go:28: Failed to connect to database:dial tcp 127.0.0.1:3306: connect: connection refused
2026/07/28 06:26:28 logger.go:21: === API Started ===
2026/07/28 06:26:28 db.go:32: Database connected
2026/07/28 06:26:28 db.go:42: Migration done
2026/07/28 06:26:28 notification.go:35: ✅ FCM initialized
2026/07/28 06:26:28 main.go:63: Go API running on :8081
2026/07/30 13:39:58 notification.go:38: [PUSH] Attempting to send notification for booking #11
2026/07/30 13:39:59 notification.go:50: [PUSH] Sending to device: d-iESKjtBEuyu4S131xi...
2026/07/30 13:39:59 notification.go:76: [PUSH] ❌ Failed for booking #11: Request is missing required authentication credential. Expected OAuth 2 access token, login cookie or other valid authentication credential. See https://developers.google.com/identity/sign-in/web/devconsole-project.
2026/08/05 12:29:12 logger.go:21: === API Started ===
2026/08/05 12:29:12 db.go:32: Database connected
2026/08/05 12:29:12 db.go:42: Migration done
2026/08/05 12:29:12 notification.go:35: ✅ FCM initialized
2026/08/05 12:29:12 main.go:63: Go API running on :8081
2026/08/05 12:30:07 logger.go:21: === API Started ===
2026/08/05 12:30:07 db.go:32: Database connected
2026/08/05 12:30:07 db.go:42: Migration done
2026/08/05 12:30:07 notification.go:35: ✅ FCM initialized
2026/08/05 12:30:07 main.go:63: Go API running on :8081
2026/08/05 12:31:12 logger.go:21: === API Started ===
2026/08/05 12:31:12 db.go:32: Database connected
2026/08/05 12:31:12 db.go:42: Migration done
2026/08/05 12:31:12 notification.go:35: ✅ FCM initialized
2026/08/05 12:31:12 main.go:63: Go API running on :8081
2026/08/05 12:31:32 logger.go:21: === API Started ===
2026/08/05 12:31:32 db.go:32: Database connected
2026/08/05 12:31:33 db.go:42: Migration done
2026/08/05 12:31:33 notification.go:35: ✅ FCM initialized
2026/08/05 12:31:33 main.go:63: Go API running on :8081
2026/08/05 12:34:09 logger.go:21: === API Started ===
2026/08/05 12:34:09 db.go:32: Database connected
2026/08/05 12:34:09 db.go:42: Migration done
2026/08/05 12:34:09 notification.go:35: ✅ FCM initialized
2026/08/05 12:34:09 main.go:63: Go API running on :8081
2026/08/05 12:40:12 logger.go:21: === API Started ===
2026/08/05 12:40:12 db.go:32: Database connected
2026/08/05 12:40:12 db.go:42: Migration done
2026/08/05 12:40:12 notification.go:35: ✅ FCM initialized
2026/08/05 12:40:12 main.go:63: Go API running on :8081
2026/08/05 12:40:30 logger.go:21: === API Started ===
2026/08/05 12:40:30 db.go:32: Database connected
2026/08/05 12:40:30 db.go:42: Migration done
2026/08/05 12:40:30 notification.go:35: ✅ FCM initialized
2026/08/05 12:40:30 main.go:63: Go API running on :8081
2026/08/05 12:41:09 booking.go:79: Create booking error: Error 1265 (01000): Data truncated for column 'driver_id' at row 1
2026/08/05 12:43:05 notification.go:38: [PUSH] Attempting to send notification for booking #1
2026/08/05 12:43:05 notification.go:50: [PUSH] Sending to device: test...
2026/08/05 12:43:05 notification.go:76: [PUSH] ❌ Failed for booking #1: The registration token is not a valid FCM registration token
2026/08/05 13:12:46 logger.go:21: === API Started ===
2026/08/05 13:12:46 db.go:32: Database connected
2026/08/05 13:12:46 db.go:42: Migration done
2026/08/05 13:12:46 notification.go:35: ✅ FCM initialized
2026/08/05 13:12:46 main.go:63: Go API running on :8081
2026/08/05 13:13:56 logger.go:21: === API Started ===
2026/08/05 13:13:56 db.go:32: Database connected
2026/08/05 13:13:56 db.go:42: Migration done
2026/08/05 13:13:56 notification.go:35: ✅ FCM initialized
2026/08/05 13:13:56 main.go:63: Go API running on :8081
2026/08/05 13:14:10 logger.go:21: === API Started ===
2026/08/05 13:14:10 db.go:32: Database connected
2026/08/05 13:14:10 db.go:42: Migration done
2026/08/05 13:14:10 notification.go:35: ✅ FCM initialized
2026/08/05 13:14:10 main.go:63: Go API running on :8081
2026/08/05 13:31:58 notification.go:38: [PUSH] Attempting to send notification for booking #1
2026/08/05 13:31:58 notification.go:50: [PUSH] Sending to device: test...
2026/08/05 13:31:58 notification.go:76: [PUSH] ❌ Failed for booking #1: The registration token is not a valid FCM registration token
2026/08/05 13:44:12 logger.go:21: === API Started ===
2026/08/05 13:44:12 db.go:32: Database connected
2026/08/05 13:44:12 db.go:42: Migration done
2026/08/05 13:44:12 notification.go:35: ✅ FCM initialized
2026/08/05 13:44:12 main.go:63: Go API running on :8081
2026/08/05 13:46:31 logger.go:21: === API Started ===
2026/08/05 13:46:31 db.go:32: Database connected
2026/08/05 13:46:31 db.go:42: Migration done
2026/08/05 13:46:31 notification.go:35: ✅ FCM initialized
2026/08/05 13:46:31 main.go:63: Go API running on :8081
2026/08/05 14:37:51 notification.go:38: [PUSH] Attempting to send notification for booking #1
2026/08/05 14:37:51 notification.go:50: [PUSH] Sending to device: test...
2026/08/05 14:37:52 notification.go:76: [PUSH] ❌ Failed for booking #1: The registration token is not a valid FCM registration token
2026/08/06 12:15:26 notification.go:38: [PUSH] Attempting to send notification for booking #2
2026/08/06 12:15:26 notification.go:50: [PUSH] Sending to device: test...
2026/08/06 12:15:26 notification.go:76: [PUSH] ❌ Failed for booking #2: The registration token is not a valid FCM registration token
2026/08/06 14:06:44 notification.go:38: [PUSH] Attempting to send notification for booking #3
2026/08/06 14:06:44 notification.go:50: [PUSH] Sending to device: test...
2026/08/06 14:06:44 notification.go:76: [PUSH] ❌ Failed for booking #3: The registration token is not a valid FCM registration token
2026/08/07 10:28:09 notification.go:38: [PUSH] Attempting to send notification for booking #4
2026/08/07 10:28:09 notification.go:50: [PUSH] Sending to device: a41d7912-2673-41fa-b...
2026/08/07 10:28:09 notification.go:76: [PUSH] ❌ Failed for booking #4: The registration token is not a valid FCM registration token
2026/08/14 08:31:31 notification.go:38: [PUSH] Attempting to send notification for booking #18
2026/08/14 08:31:31 notification.go:50: [PUSH] Sending to device: eS2cJ6-CRYa8bWM7Vse3...
2026/08/14 08:31:31 notification.go:78: [PUSH] ✅ Sent for booking #18, MessageID: projects/seesail-abb48/messages/0:1786696291250827%c6ccaea8c6ccaea8
2026/08/14 08:32:25 notification.go:38: [PUSH] Attempting to send notification for booking #19
2026/08/14 08:32:25 notification.go:50: [PUSH] Sending to device: eS2cJ6-CRYa8bWM7Vse3...
2026/08/14 08:32:25 notification.go:78: [PUSH] ✅ Sent for booking #19, MessageID: projects/seesail-abb48/messages/0:1786696345552950%c6ccaea8c6ccaea8
2026/08/17 07:30:05 notification.go:38: [PUSH] Attempting to send notification for booking #23
2026/08/17 07:30:05 notification.go:50: [PUSH] Sending to device: 45488fe2-1b28-4056-b...
2026/08/17 07:30:06 notification.go:76: [PUSH] ❌ Failed for booking #23: The registration token is not a valid FCM registration token
2026/08/17 07:59:21 notification.go:38: [PUSH] Attempting to send notification for booking #25
2026/08/17 07:59:21 notification.go:50: [PUSH] Sending to device: e1wbtVHvWUNulKIeIrIk...
2026/08/17 07:59:21 notification.go:76: [PUSH] ❌ Failed for booking #25: Invalid APNs credential.
2026/08/17 10:25:38 logger.go:21: === API Started ===
2026/08/17 10:25:38 db.go:32: Database connected
2026/08/17 10:25:38 db.go:42: Migration done
2026/08/17 10:25:38 notification.go:35: ✅ FCM initialized
2026/08/17 10:25:38 main.go:63: Go API running on :8081
2026/08/17 10:29:12 logger.go:21: === API Started ===
2026/08/17 10:29:12 db.go:32: Database connected
2026/08/17 10:29:12 db.go:42: Migration done
2026/08/17 10:29:12 notification.go:35: ✅ FCM initialized
2026/08/17 10:29:12 main.go:63: Go API running on :8081
2026/08/17 10:29:40 logger.go:21: === API Started ===
2026/08/17 10:29:40 db.go:32: Database connected
2026/08/17 10:29:40 db.go:42: Migration done
2026/08/17 10:29:40 notification.go:35: ✅ FCM initialized
2026/08/17 10:29:40 main.go:63: Go API running on :8081
2026/08/17 10:37:29 logger.go:21: === API Started ===
2026/08/17 10:37:29 db.go:32: Database connected
2026/08/17 10:37:29 db.go:42: Migration done
2026/08/17 10:37:29 notification.go:35: ✅ FCM initialized
2026/08/17 10:37:29 main.go:63: Go API running on :8081
2026/08/17 10:37:43 logger.go:21: === API Started ===
2026/08/17 10:37:43 db.go:32: Database connected
2026/08/17 10:37:43 db.go:42: Migration done
2026/08/17 10:37:43 notification.go:35: ✅ FCM initialized
2026/08/17 10:37:43 main.go:63: Go API running on :8081
2026/08/17 10:37:58 logger.go:21: === API Started ===
2026/08/17 10:37:58 db.go:32: Database connected
2026/08/17 10:37:58 db.go:42: Migration done
2026/08/17 10:37:58 notification.go:35: ✅ FCM initialized
2026/08/17 10:37:58 main.go:63: Go API running on :8081
2026/08/17 10:39:46 logger.go:21: === API Started ===
2026/08/17 10:39:46 db.go:32: Database connected
2026/08/17 10:39:47 db.go:42: Migration done
2026/08/17 10:39:47 notification.go:35: ✅ FCM initialized
2026/08/17 10:39:47 main.go:63: Go API running on :8081
2026/08/17 10:40:41 logger.go:21: === API Started ===
2026/08/17 10:40:41 db.go:32: Database connected
2026/08/17 10:40:41 db.go:42: Migration done
2026/08/17 10:40:41 notification.go:35: ✅ FCM initialized
2026/08/17 10:40:41 google.go:46: Firebase initialized successfully
2026/08/17 10:40:41 main.go:79: Go API running on :8081
2026/08/17 10:43:08 email.go:77: OTP email sent to dev.ayomide@gmail.com
2026/08/17 10:45:00 logger.go:21: === API Started ===
2026/08/17 10:45:00 db.go:32: Database connected
2026/08/17 10:45:01 db.go:42: Migration done
2026/08/17 10:45:01 notification.go:35: ✅ FCM initialized
2026/08/17 10:45:01 google.go:46: Firebase initialized successfully
2026/08/17 10:45:01 main.go:79: Go API running on :8081
2026/08/17 10:45:10 email.go:77: OTP email sent to dev.ayomide@gmail.com
2026/08/17 10:45:26 otp.go:121: Failed to create rider: Error 1054 (42S22): Unknown column 'google_id' in 'field list'
2026/08/17 10:46:08 email.go:77: OTP email sent to dev.ayomide@gmail.com
2026/08/17 11:36:13 logger.go:21: === API Started ===
2026/08/17 11:36:13 db.go:32: Database connected
2026/08/17 11:36:13 db.go:42: Migration done
2026/08/17 11:36:13 notification.go:35: ✅ FCM initialized
2026/08/17 11:36:13 google.go:46: Firebase initialized successfully
2026/08/17 11:36:13 main.go:79: Go API running on :8081
2026/08/17 11:37:52 logger.go:21: === API Started ===
2026/08/17 11:37:52 db.go:32: Database connected
2026/08/17 11:37:52 db.go:42: Migration done
2026/08/17 11:37:52 notification.go:35: ✅ FCM initialized
2026/08/17 11:37:52 google.go:46: Firebase initialized successfully
2026/08/17 11:37:52 main.go:79: Go API running on :8081
2026/08/17 11:41:58 logger.go:21: === API Started ===
2026/08/17 11:41:58 db.go:32: Database connected
2026/08/17 11:41:58 db.go:42: Migration done
2026/08/17 11:41:58 notification.go:35: ✅ FCM initialized
2026/08/17 11:41:58 google.go:46: Firebase initialized successfully
2026/08/17 11:41:58 main.go:79: Go API running on :8081
2026/08/17 11:49:33 logger.go:21: === API Started ===
2026/08/17 11:49:33 db.go:32: Database connected
2026/08/17 11:49:33 db.go:42: Migration done
2026/08/17 11:49:33 notification.go:35: ✅ FCM initialized
2026/08/17 11:49:33 google.go:46: Firebase initialized successfully
2026/08/17 11:49:33 main.go:79: Go API running on :8081
2026/08/17 11:50:22 logger.go:21: === API Started ===
2026/08/17 11:50:22 db.go:32: Database connected
2026/08/17 11:50:22 db.go:42: Migration done
2026/08/17 11:50:22 notification.go:35: ✅ FCM initialized
2026/08/17 11:50:22 google.go:46: Firebase initialized successfully
2026/08/17 11:50:22 main.go:80: Go API running on :8081
2026/08/17 11:55:18 notification.go:38: [PUSH] Attempting to send notification for booking #31
2026/08/17 11:55:18 notification.go:50: [PUSH] Sending to device: fXsGfbCkQw6Xxmy_SqJJ...
2026/08/17 11:55:18 notification.go:80: [PUSH] ✅ Sent for booking #31, MessageID: projects/seesail-abb48/messages/0:1786967718636131%c6ccaea8c6ccaea8
2026/08/17 12:16:58 notification.go:38: [PUSH] Attempting to send notification for booking #32
2026/08/17 12:16:58 notification.go:50: [PUSH] Sending to device: fXsGfbCkQw6Xxmy_SqJJ...
2026/08/17 12:16:58 notification.go:80: [PUSH] ✅ Sent for booking #32, MessageID: projects/seesail-abb48/messages/0:1786969018612101%c6ccaea8c6ccaea8
2026/08/17 12:34:39 notification.go:38: [PUSH] Attempting to send notification for booking #33
2026/08/17 12:34:39 notification.go:50: [PUSH] Sending to device: fXsGfbCkQw6Xxmy_SqJJ...
2026/08/17 12:34:39 notification.go:80: [PUSH] ✅ Sent for booking #33, MessageID: projects/seesail-abb48/messages/0:1786970079923375%c6ccaea8c6ccaea8
2026/08/17 12:40:37 notification.go:38: [PUSH] Attempting to send notification for booking #34
2026/08/17 12:40:37 notification.go:50: [PUSH] Sending to device: fXsGfbCkQw6Xxmy_SqJJ...
2026/08/17 12:40:37 notification.go:80: [PUSH] ✅ Sent for booking #34, MessageID: projects/seesail-abb48/messages/0:1786970437871733%c6ccaea8c6ccaea8
2026/08/17 14:02:43 logger.go:21: === API Started ===
2026/08/17 14:02:43 db.go:32: Database connected
2026/08/17 14:02:43 db.go:42: Migration done
2026/08/17 14:02:43 notification.go:35: ✅ FCM initialized
2026/08/17 14:02:43 google.go:46: Firebase initialized successfully
2026/08/17 14:02:43 main.go:80: Go API running on :8081
2026/08/17 14:02:54 email.go:77: OTP email sent to dev.ayomide@gmail.com
2026/08/17 14:07:22 notification.go:38: [PUSH] Attempting to send notification for booking #38
2026/08/17 14:07:22 notification.go:50: [PUSH] Sending to device: e1wbtVHvWUNulKIeIrIk...
2026/08/17 14:07:22 notification.go:78: [PUSH] ❌ Failed for booking #38: Invalid APNs credential.
2026/08/17 14:52:02 google.go:64: Firebase token verification failed: ID token has invalid 'aud' (audience) claim; expected "seesail-abb48" but got "14370769137-8pdjhq80vpum1gri5tnlv49scsr6u08u.apps.googleusercontent.com"; make sure the ID token comes from the same Firebase project as the credential used to authenticate this SDK; see https://firebase.google.com/docs/auth/admin/verify-id-tokens for details on how to retrieve a valid ID token
2026/08/17 14:52:27 email.go:77: OTP email sent to dev.ayomide@gmail.com
2026/08/17 15:13:53 google.go:64: Firebase token verification failed: ID token has invalid 'aud' (audience) claim; expected "seesail-abb48" but got "216173979675-7ufnqe5h41kgm8risvv9casmu9hhje4p.apps.googleusercontent.com"; make sure the ID token comes from the same Firebase project as the credential used to authenticate this SDK; see https://firebase.google.com/docs/auth/admin/verify-id-tokens for details on how to retrieve a valid ID token
2026/08/17 15:19:38 logger.go:21: === API Started ===
2026/08/17 15:19:38 db.go:32: Database connected
2026/08/17 15:19:38 db.go:42: Migration done
2026/08/17 15:19:38 notification.go:35: ✅ FCM initialized
2026/08/17 15:19:38 google.go:46: Firebase initialized successfully
2026/08/17 15:19:38 main.go:80: Go API running on :8081
2026/08/17 15:20:07 google.go:64: Firebase token verification failed: ID token has invalid 'aud' (audience) claim; expected "axis-dd584" but got "216173979675-7ufnqe5h41kgm8risvv9casmu9hhje4p.apps.googleusercontent.com"; make sure the ID token comes from the same Firebase project as the credential used to authenticate this SDK; see https://firebase.google.com/docs/auth/admin/verify-id-tokens for details on how to retrieve a valid ID token
2026/08/17 15:43:11 logger.go:21: === API Started ===
2026/08/17 15:43:11 db.go:32: Database connected
2026/08/17 15:43:11 db.go:42: Migration done
2026/08/17 15:43:11 notification.go:35: ✅ FCM initialized
2026/08/17 15:43:11 google.go:46: Firebase initialized successfully
2026/08/17 15:43:11 main.go:80: Go API running on :8081
2026/08/17 15:45:27 email.go:77: OTP email sent to Moh@getseesail.com
2026/08/17 15:59:51 email.go:77: OTP email sent to victorblavo@getseesail.com
2026/08/17 16:01:23 email.go:77: OTP email sent to victorblavo@getseesail.com
2026/08/17 16:18:15 notification.go:38: [PUSH] Attempting to send notification for booking #39
2026/08/17 16:18:15 notification.go:50: [PUSH] Sending to device: 20a13764-85be-414a-8...
2026/08/17 16:18:15 notification.go:78: [PUSH] ❌ Failed for booking #39: The registration token is not a valid FCM registration token
2026/08/17 16:25:06 logger.go:21: === API Started ===
2026/08/17 16:25:06 db.go:32: Database connected
2026/08/17 16:25:06 db.go:42: Migration done
2026/08/17 16:25:06 notification.go:35: ✅ FCM initialized
2026/08/17 16:25:06 google.go:46: Firebase initialized successfully
2026/08/17 16:25:06 main.go:80: Go API running on :8081
2026/08/17 16:27:27 logger.go:21: === API Started ===
2026/08/17 16:27:27 db.go:32: Database connected
2026/08/17 16:27:27 db.go:42: Migration done
2026/08/17 16:27:27 notification.go:35: ✅ FCM initialized
2026/08/17 16:27:27 google.go:46: Firebase initialized successfully
2026/08/17 16:27:27 main.go:80: Go API running on :8081
2026/08/17 16:27:53 logger.go:21: === API Started ===
2026/08/17 16:27:53 db.go:32: Database connected
2026/08/17 16:27:53 db.go:42: Migration done
2026/08/17 16:27:53 notification.go:35: ✅ FCM initialized
2026/08/17 16:27:53 google.go:46: Firebase initialized successfully
2026/08/17 16:27:53 main.go:80: Go API running on :8081
2026/08/17 16:29:59 email.go:67: OTP email sent to dev.ayomide@gmail.com
2026/08/17 16:50:53 logger.go:21: === API Started ===
2026/08/17 16:50:53 db.go:32: Database connected
2026/08/17 16:50:53 db.go:42: Migration done
2026/08/17 16:50:53 notification.go:35: ✅ FCM initialized
2026/08/17 16:50:53 google.go:46: Firebase initialized successfully
2026/08/17 16:50:53 main.go:80: Go API running on :8081
2026/08/17 16:51:17 email.go:67: OTP email sent to dev.ayomide@gmail.com
2026/08/17 16:55:01 logger.go:21: === API Started ===
2026/08/17 16:55:01 db.go:32: Database connected
2026/08/17 16:55:01 db.go:42: Migration done
2026/08/17 16:55:01 notification.go:35: ✅ FCM initialized
2026/08/17 16:55:01 google.go:46: Firebase initialized successfully
2026/08/17 16:55:01 main.go:80: Go API running on :8081
2026/08/17 16:55:18 email.go:67: OTP email sent to dev.ayomide@gmail.com
2026/08/17 17:02:51 logger.go:21: === API Started ===
2026/08/17 17:02:51 db.go:32: Database connected
2026/08/17 17:02:51 db.go:42: Migration done
2026/08/17 17:02:51 notification.go:35: ✅ FCM initialized
2026/08/17 17:02:51 google.go:46: Firebase initialized successfully
2026/08/17 17:02:51 main.go:80: Go API running on :8081
2026/08/17 17:03:27 logger.go:21: === API Started ===
2026/08/17 17:03:27 db.go:32: Database connected
2026/08/17 17:03:27 db.go:42: Migration done
2026/08/17 17:03:27 notification.go:35: ✅ FCM initialized
2026/08/17 17:03:27 google.go:46: Firebase initialized successfully
2026/08/17 17:03:27 main.go:80: Go API running on :8081
2026/08/17 17:03:55 logger.go:21: === API Started ===
2026/08/17 17:03:55 db.go:32: Database connected
2026/08/17 17:03:55 db.go:42: Migration done
2026/08/17 17:03:55 notification.go:35: ✅ FCM initialized
2026/08/17 17:03:55 google.go:46: Firebase initialized successfully
2026/08/17 17:03:55 main.go:80: Go API running on :8081
2026/08/17 17:04:10 logger.go:21: === API Started ===
2026/08/17 17:04:10 db.go:32: Database connected
2026/08/17 17:04:10 db.go:42: Migration done
2026/08/17 17:04:10 notification.go:35: ✅ FCM initialized
2026/08/17 17:04:10 google.go:46: Firebase initialized successfully
2026/08/17 17:04:10 main.go:80: Go API running on :8081
2026/08/17 17:04:45 email.go:67: OTP email sent to dev.ayomide@gmail.com
2026/08/17 17:24:17 email.go:67: OTP email sent to dev.ayomide@gmail.com
2026/08/17 17:25:28 notification.go:38: [PUSH] Attempting to send notification for booking #40
2026/08/17 17:25:28 notification.go:50: [PUSH] Sending to device: e1wbtVHvWUNulKIeIrIk...
2026/08/17 17:25:28 notification.go:78: [PUSH] ❌ Failed for booking #40: SenderId mismatch
2026/08/17 17:41:43 notification.go:38: [PUSH] Attempting to send notification for booking #41
2026/08/17 17:41:43 notification.go:50: [PUSH] Sending to device: fh_uN8ABQoqmWkVxuBHW...
2026/08/17 17:41:43 notification.go:80: [PUSH] ✅ Sent for booking #41, MessageID: projects/axis-dd584/messages/0:1786988503507208%c6ccaea8c6ccaea8
2026/08/17 17:42:44 notification.go:38: [PUSH] Attempting to send notification for booking #42
2026/08/17 17:42:44 notification.go:50: [PUSH] Sending to device: fh_uN8ABQoqmWkVxuBHW...
2026/08/17 17:42:44 notification.go:80: [PUSH] ✅ Sent for booking #42, MessageID: projects/axis-dd584/messages/0:1786988564362600%c6ccaea8c6ccaea8
2026/08/17 17:50:00 notification.go:38: [PUSH] Attempting to send notification for booking #43
2026/08/17 17:50:00 notification.go:50: [PUSH] Sending to device: fh_uN8ABQoqmWkVxuBHW...
2026/08/17 17:50:00 notification.go:78: [PUSH] ❌ Failed for booking #43: NotRegistered
2026/08/17 18:11:03 notification.go:38: [PUSH] Attempting to send notification for booking #44
2026/08/17 18:11:03 notification.go:50: [PUSH] Sending to device: fh_uN8ABQoqmWkVxuBHW...
2026/08/17 18:11:03 notification.go:78: [PUSH] ❌ Failed for booking #44: NotRegistered
2026/08/17 18:19:26 logger.go:21: === API Started ===
2026/08/17 18:19:26 db.go:32: Database connected
2026/08/17 18:19:26 db.go:42: Migration done
2026/08/17 18:19:26 notification.go:35: ✅ FCM initialized
2026/08/17 18:19:26 google.go:46: Firebase initialized successfully
2026/08/17 18:19:26 main.go:80: Go API running on :8081
2026/08/17 18:19:31 logger.go:21: === API Started ===
2026/08/17 18:19:31 db.go:32: Database connected
2026/08/17 18:19:31 db.go:42: Migration done
2026/08/17 18:19:31 notification.go:35: ✅ FCM initialized
2026/08/17 18:19:31 google.go:46: Firebase initialized successfully
2026/08/17 18:19:31 main.go:80: Go API running on :8081
2026/08/17 18:20:32 notification.go:38: [PUSH] Attempting to send notification for booking #45
2026/08/17 18:20:32 notification.go:50: [PUSH] Sending to device: fh_uN8ABQoqmWkVxuBHW...
2026/08/17 18:20:32 notification.go:105: [PUSH] ❌ Failed for booking #45: NotRegistered
2026/08/17 18:22:17 logger.go:21: === API Started ===
2026/08/17 18:22:17 db.go:32: Database connected
2026/08/17 18:22:17 db.go:42: Migration done
2026/08/17 18:22:17 notification.go:35: ✅ FCM initialized
2026/08/17 18:22:17 google.go:46: Firebase initialized successfully
2026/08/17 18:22:17 main.go:80: Go API running on :8081
2026/08/17 18:22:25 logger.go:21: === API Started ===
2026/08/17 18:22:25 db.go:32: Database connected
2026/08/17 18:22:25 db.go:42: Migration done
2026/08/17 18:22:25 notification.go:35: ✅ FCM initialized
2026/08/17 18:22:25 google.go:46: Firebase initialized successfully
2026/08/17 18:22:25 main.go:80: Go API running on :8081
2026/08/17 18:25:47 notification.go:38: [PUSH] Attempting to send notification for booking #46
2026/08/17 18:25:47 notification.go:50: [PUSH] Sending to device: fh_uN8ABQoqmWkVxuBHW...
2026/08/17 18:25:48 notification.go:107: [PUSH] ❌ Failed for booking #46: NotRegistered
2026/08/17 18:35:26 notification.go:38: [PUSH] Attempting to send notification for booking #47
2026/08/17 18:35:26 notification.go:50: [PUSH] Sending to device: eF-CKcmVQL2yWczH1sR2...
2026/08/17 18:35:27 notification.go:109: [PUSH] ✅ Sent for booking #47, MessageID: projects/axis-dd584/messages/0:1786991727018255%c6ccaea8c6ccaea8
2026/08/17 18:39:14 logger.go:21: === API Started ===
2026/08/17 18:39:14 db.go:32: Database connected
2026/08/17 18:39:14 db.go:42: Migration done
2026/08/17 18:39:14 notification.go:35: ✅ FCM initialized
2026/08/17 18:39:14 google.go:46: Firebase initialized successfully
2026/08/17 18:39:14 main.go:80: Go API running on :8081
2026/08/17 18:39:40 email.go:67: OTP email sent to dev.ayomide@gmail.com
2026/08/17 18:42:58 logger.go:21: === API Started ===
2026/08/17 18:42:58 db.go:32: Database connected
2026/08/17 18:42:58 db.go:42: Migration done
2026/08/17 18:42:58 notification.go:35: ✅ FCM initialized
2026/08/17 18:42:58 google.go:46: Firebase initialized successfully
2026/08/17 18:42:58 main.go:80: Go API running on :8081
2026/08/17 18:43:16 logger.go:21: === API Started ===
2026/08/17 18:43:16 db.go:32: Database connected
2026/08/17 18:43:16 db.go:42: Migration done
2026/08/17 18:43:16 notification.go:35: ✅ FCM initialized
2026/08/17 18:43:16 google.go:46: Firebase initialized successfully
2026/08/17 18:43:16 main.go:80: Go API running on :8081
2026/08/17 18:43:50 email.go:67: OTP email sent to dev.ayomide@gmail.com
2026/08/17 18:47:13 logger.go:21: === API Started ===
2026/08/17 18:47:13 db.go:32: Database connected
2026/08/17 18:47:13 db.go:42: Migration done
2026/08/17 18:47:13 notification.go:35: ✅ FCM initialized
2026/08/17 18:47:13 google.go:46: Firebase initialized successfully
2026/08/17 18:47:13 main.go:80: Go API running on :8081
2026/08/17 18:47:19 email.go:67: OTP email sent to dev.ayomide@gmail.com
2026/08/17 18:48:56 notification.go:38: [PUSH] Attempting to send notification for booking #48
2026/08/17 18:48:56 notification.go:50: [PUSH] Sending to device: eF-CKcmVQL2yWczH1sR2...
2026/08/17 18:48:56 notification.go:107: [PUSH] ❌ Failed for booking #48: NotRegistered
2026/08/17 18:49:50 notification.go:38: [PUSH] Attempting to send notification for booking #49
2026/08/17 18:49:50 notification.go:50: [PUSH] Sending to device: e1wbtVHvWUNulKIeIrIk...
2026/08/17 18:49:50 notification.go:107: [PUSH] ❌ Failed for booking #49: SenderId mismatch
2026/08/17 18:52:28 logger.go:21: === API Started ===
2026/08/17 18:52:28 db.go:32: Database connected
2026/08/17 18:52:29 db.go:42: Migration done
2026/08/17 18:52:29 notification.go:35: ✅ FCM initialized
2026/08/17 18:52:29 google.go:46: Firebase initialized successfully
2026/08/17 18:52:29 main.go:80: Go API running on :8081
2026/08/17 18:55:35 logger.go:21: === API Started ===
2026/08/17 18:55:35 db.go:32: Database connected
2026/08/17 18:55:35 db.go:42: Migration done
2026/08/17 18:55:35 notification.go:35: ✅ FCM initialized
2026/08/17 18:55:35 google.go:46: Firebase initialized successfully
2026/08/17 18:55:35 main.go:80: Go API running on :8081
2026/08/17 18:55:40 email.go:67: OTP email sent to dev.ayomide@gmail.com
2026/08/17 18:57:10 logger.go:21: === API Started ===
2026/08/17 18:57:10 db.go:32: Database connected
2026/08/17 18:57:10 db.go:42: Migration done
2026/08/17 18:57:10 notification.go:35: ✅ FCM initialized
2026/08/17 18:57:10 google.go:46: Firebase initialized successfully
2026/08/17 18:57:10 main.go:80: Go API running on :8081
2026/08/17 18:57:53 logger.go:21: === API Started ===
2026/08/17 18:57:53 db.go:32: Database connected
2026/08/17 18:57:53 db.go:42: Migration done
2026/08/17 18:57:53 notification.go:35: ✅ FCM initialized
2026/08/17 18:57:53 google.go:46: Firebase initialized successfully
2026/08/17 18:57:53 main.go:80: Go API running on :8081
2026/08/17 18:57:59 email.go:67: OTP email sent to dev.ayomide@gmail.com
2026/08/17 19:25:58 notification.go:38: [PUSH] Attempting to send notification for booking #50
2026/08/17 19:25:58 notification.go:50: [PUSH] Sending to device: eF-CKcmVQL2yWczH1sR2...
2026/08/17 19:25:59 notification.go:107: [PUSH] ❌ Failed for booking #50: NotRegistered
2026/08/17 19:38:27 notification.go:38: [PUSH] Attempting to send notification for booking #51
2026/08/17 19:38:27 notification.go:50: [PUSH] Sending to device: test...
2026/08/17 19:38:27 notification.go:107: [PUSH] ❌ Failed for booking #51: The registration token is not a valid FCM registration token
2026/08/17 19:44:08 notification.go:38: [PUSH] Attempting to send notification for booking #52
2026/08/17 19:44:08 notification.go:50: [PUSH] Sending to device: e1wbtVHvWUNulKIeIrIk...
2026/08/17 19:44:08 notification.go:107: [PUSH] ❌ Failed for booking #52: SenderId mismatch
2026/08/17 19:46:01 notification.go:38: [PUSH] Attempting to send notification for booking #53
2026/08/17 19:46:01 notification.go:50: [PUSH] Sending to device: eGGeW0rqReKJD-9_mEfU...
2026/08/17 19:46:01 notification.go:109: [PUSH] ✅ Sent for booking #53, MessageID: projects/axis-dd584/messages/0:1786995961587160%c6ccaea8c6ccaea8
2026/08/17 19:48:35 notification.go:38: [PUSH] Attempting to send notification for booking #54
2026/08/17 19:48:35 notification.go:50: [PUSH] Sending to device: e1wbtVHvWUNulKIeIrIk...
2026/08/17 19:48:35 notification.go:107: [PUSH] ❌ Failed for booking #54: SenderId mismatch
2026/08/17 20:05:22 notification.go:38: [PUSH] Attempting to send notification for booking #55
2026/08/17 20:05:22 notification.go:50: [PUSH] Sending to device: fqRtAChdQ9y7ZGXYIbrj...
2026/08/17 20:05:22 notification.go:109: [PUSH] ✅ Sent for booking #55, MessageID: projects/axis-dd584/messages/0:1786997122646815%c6ccaea8c6ccaea8
2026/08/17 20:18:20 notification.go:38: [PUSH] Attempting to send notification for booking #56
2026/08/17 20:18:20 notification.go:50: [PUSH] Sending to device: e1wbtVHvWUNulKIeIrIk...
2026/08/17 20:18:20 notification.go:107: [PUSH] ❌ Failed for booking #56: SenderId mismatch
2026/08/17 20:35:27 notification.go:38: [PUSH] Attempting to send notification for booking #59
2026/08/17 20:35:27 notification.go:50: [PUSH] Sending to device: c3OezRdmQkKDmnSDhfbR...
2026/08/17 20:35:27 notification.go:109: [PUSH] ✅ Sent for booking #59, MessageID: projects/axis-dd584/messages/8630fe03-eabc-49b2-8514-7a712f043013
2026/08/17 21:43:41 email.go:67: OTP email sent to holuwamutemidayo@gmail.com
2026/08/17 21:44:16 notification.go:38: [PUSH] Attempting to send notification for booking #65
2026/08/17 21:44:16 notification.go:50: [PUSH] Sending to device: c3OezRdmQkKDmnSDhfbR...
2026/08/17 21:44:16 notification.go:109: [PUSH] ✅ Sent for booking #65, MessageID: projects/axis-dd584/messages/57f3232c-cd74-4495-8e18-15ebfec7d077
2026/08/17 21:44:32 email.go:67: OTP email sent to holuwamutemidayo@gmail.com
2026/08/17 21:45:45 email.go:67: OTP email sent to holuwamutemidayo@gmail.com
2026/08/17 21:47:42 notification.go:38: [PUSH] Attempting to send notification for booking #66
2026/08/17 21:47:42 notification.go:50: [PUSH] Sending to device: eS2cJ6-CRYa8bWM7Vse3...
2026/08/17 21:47:42 notification.go:107: [PUSH] ❌ Failed for booking #66: SenderId mismatch
2026/08/18 08:46:57 email.go:67: OTP email sent to dev.ayomide@gmail.com
2026/08/18 08:49:14 email.go:63: Failed to send OTP email: [ERROR]: Invalid `to` field. The email address needs to follow the `email@example.com` or `Name <email@example.com>` format.
2026/08/18 08:49:14 otp.go:66: Failed to send OTP email: [ERROR]: Invalid `to` field. The email address needs to follow the `email@example.com` or `Name <email@example.com>` format.
2026/08/18 08:49:24 email.go:67: OTP email sent to dev.ayomide@yahoo.com
2026/08/18 12:52:21 logger.go:21: === API Started ===
2026/08/18 12:52:21 db.go:28: Failed to connect to database:dial tcp :0: connect: connection refused
2026/08/18 12:52:22 logger.go:21: === API Started ===
2026/08/18 12:52:22 db.go:28: Failed to connect to database:dial tcp :0: connect: connection refused
2026/08/18 12:52:24 logger.go:21: === API Started ===
2026/08/18 12:52:24 db.go:28: Failed to connect to database:dial tcp :0: connect: connection refused
2026/08/18 12:52:25 logger.go:21: === API Started ===
2026/08/18 12:52:25 db.go:28: Failed to connect to database:dial tcp :0: connect: connection refused
2026/08/18 12:52:29 logger.go:21: === API Started ===
2026/08/18 12:52:29 db.go:28: Failed to connect to database:dial tcp :0: connect: connection refused
2026/08/18 12:52:34 logger.go:21: === API Started ===
2026/08/18 12:52:34 db.go:28: Failed to connect to database:dial tcp :0: connect: connection refused
2026/08/18 12:56:30 logger.go:21: === API Started ===
2026/08/18 12:56:30 db.go:28: Failed to connect to database:dial tcp :0: connect: connection refused
2026/08/18 12:56:31 logger.go:21: === API Started ===
2026/08/18 12:56:31 db.go:28: Failed to connect to database:dial tcp :0: connect: connection refused
2026/08/18 12:56:33 logger.go:21: === API Started ===
2026/08/18 12:56:33 db.go:28: Failed to connect to database:dial tcp :0: connect: connection refused
2026/08/18 12:56:36 logger.go:21: === API Started ===
2026/08/18 12:56:36 db.go:28: Failed to connect to database:dial tcp :0: connect: connection refused
2026/08/18 12:56:40 logger.go:21: === API Started ===
2026/08/18 12:56:40 db.go:28: Failed to connect to database:dial tcp :0: connect: connection refused
2026/08/18 12:56:45 logger.go:21: === API Started ===
2026/08/18 12:56:45 db.go:28: Failed to connect to database:dial tcp :0: connect: connection refused
2026/08/18 12:59:46 logger.go:21: === API Started ===
2026/08/18 12:59:46 db.go:28: Failed to connect to database:dial tcp :0: connect: connection refused
2026/08/18 12:59:47 logger.go:21: === API Started ===
2026/08/18 12:59:47 db.go:28: Failed to connect to database:dial tcp :0: connect: connection refused
2026/08/18 12:59:49 logger.go:21: === API Started ===
2026/08/18 12:59:49 db.go:28: Failed to connect to database:dial tcp :0: connect: connection refused
2026/08/18 12:59:53 logger.go:21: === API Started ===
2026/08/18 12:59:53 db.go:28: Failed to connect to database:dial tcp :0: connect: connection refused
2026/08/18 12:59:55 logger.go:21: === API Started ===
2026/08/18 12:59:55 db.go:28: Failed to connect to database:dial tcp :0: connect: connection refused
2026/08/18 12:59:56 logger.go:21: === API Started ===
2026/08/18 12:59:56 db.go:28: Failed to connect to database:dial tcp :0: connect: connection refused
2026/08/18 12:59:58 logger.go:21: === API Started ===
2026/08/18 12:59:58 db.go:28: Failed to connect to database:dial tcp :0: connect: connection refused
2026/08/18 13:00:01 logger.go:21: === API Started ===
2026/08/18 13:00:01 db.go:28: Failed to connect to database:dial tcp :0: connect: connection refused
2026/08/18 13:00:05 logger.go:21: === API Started ===
2026/08/18 13:00:05 db.go:28: Failed to connect to database:dial tcp :0: connect: connection refused
2026/08/18 13:00:10 logger.go:21: === API Started ===
2026/08/18 13:00:10 db.go:28: Failed to connect to database:dial tcp :0: connect: connection refused
2026/08/18 13:00:47 logger.go:21: === API Started ===
2026/08/18 13:00:47 db.go:28: Failed to connect to database:dial tcp :0: connect: connection refused
2026/08/18 13:00:48 logger.go:21: === API Started ===
2026/08/18 13:00:48 db.go:28: Failed to connect to database:dial tcp :0: connect: connection refused
2026/08/18 13:00:50 logger.go:21: === API Started ===
2026/08/18 13:00:50 db.go:28: Failed to connect to database:dial tcp :0: connect: connection refused
2026/08/18 13:00:53 logger.go:21: === API Started ===
2026/08/18 13:00:53 db.go:28: Failed to connect to database:dial tcp :0: connect: connection refused
2026/08/18 13:00:57 logger.go:21: === API Started ===
2026/08/18 13:00:57 db.go:28: Failed to connect to database:dial tcp :0: connect: connection refused
2026/08/18 13:01:02 logger.go:21: === API Started ===
2026/08/18 13:01:02 db.go:28: Failed to connect to database:dial tcp :0: connect: connection refused
2026/08/18 13:02:40 logger.go:21: === API Started ===
2026/08/18 13:02:40 db.go:28: Failed to connect to database:dial tcp :0: connect: connection refused
2026/08/18 13:02:41 logger.go:21: === API Started ===
2026/08/18 13:02:41 db.go:28: Failed to connect to database:dial tcp :0: connect: connection refused
2026/08/18 13:02:44 logger.go:21: === API Started ===
2026/08/18 13:02:44 db.go:28: Failed to connect to database:dial tcp :0: connect: connection refused
2026/08/18 13:02:46 logger.go:21: === API Started ===
2026/08/18 13:02:46 db.go:28: Failed to connect to database:dial tcp :0: connect: connection refused
2026/08/18 13:02:47 logger.go:21: === API Started ===
2026/08/18 13:02:47 db.go:28: Failed to connect to database:dial tcp :0: connect: connection refused
2026/08/18 13:02:49 logger.go:21: === API Started ===
2026/08/18 13:02:49 db.go:28: Failed to connect to database:dial tcp :0: connect: connection refused
2026/08/18 13:02:52 logger.go:21: === API Started ===
2026/08/18 13:02:52 db.go:28: Failed to connect to database:dial tcp :0: connect: connection refused
2026/08/18 13:02:56 logger.go:21: === API Started ===
2026/08/18 13:02:56 db.go:28: Failed to connect to database:dial tcp :0: connect: connection refused
2026/08/18 13:03:01 logger.go:21: === API Started ===
2026/08/18 13:03:01 db.go:28: Failed to connect to database:dial tcp :0: connect: connection refused
2026/08/18 13:03:07 logger.go:21: === API Started ===
2026/08/18 13:03:07 db.go:32: Database connected
2026/08/18 13:03:07 db.go:42: Migration done
2026/08/18 13:03:07 notification.go:35: ✅ FCM initialized
2026/08/18 13:03:07 google.go:46: Firebase initialized successfully
2026/08/18 13:03:07 main.go:80: Go API running on :8081
2026/08/18 13:03:11 logger.go:21: === API Started ===
2026/08/18 13:03:11 db.go:32: Database connected
2026/08/18 13:03:11 db.go:42: Migration done
2026/08/18 13:03:11 notification.go:35: ✅ FCM initialized
2026/08/18 13:03:11 google.go:46: Firebase initialized successfully
2026/08/18 13:03:11 main.go:80: Go API running on :8081
2026/08/18 13:39:54 logger.go:21: === API Started ===
2026/08/18 13:39:54 db.go:32: Database connected
2026/08/18 13:39:54 db.go:42: Migration done
2026/08/18 13:39:54 notification.go:35: ✅ FCM initialized
2026/08/18 13:39:54 google.go:46: Firebase initialized successfully
2026/08/18 13:39:54 main.go:80: Go API running on :8081
2026/08/18 13:39:57 logger.go:21: === API Started ===
2026/08/18 13:39:57 db.go:32: Database connected
2026/08/18 13:39:57 db.go:42: Migration done
2026/08/18 13:39:57 notification.go:35: ✅ FCM initialized
2026/08/18 13:39:57 google.go:46: Firebase initialized successfully
2026/08/18 13:39:57 main.go:80: Go API running on :8081
2026/08/18 13:40:00 logger.go:21: === API Started ===
2026/08/18 13:40:00 db.go:32: Database connected
2026/08/18 13:40:00 db.go:42: Migration done
2026/08/18 13:40:00 notification.go:35: ✅ FCM initialized
2026/08/18 13:40:00 google.go:46: Firebase initialized successfully
2026/08/18 13:40:00 main.go:80: Go API running on :8081
2026/08/18 13:40:03 logger.go:21: === API Started ===
2026/08/18 13:40:03 db.go:32: Database connected
2026/08/18 13:40:03 db.go:42: Migration done
2026/08/18 13:40:03 notification.go:35: ✅ FCM initialized
2026/08/18 13:40:03 google.go:46: Firebase initialized successfully
2026/08/18 13:40:03 main.go:80: Go API running on :8081
2026/08/18 13:40:07 logger.go:21: === API Started ===
2026/08/18 13:40:07 db.go:32: Database connected
2026/08/18 13:40:07 db.go:42: Migration done
2026/08/18 13:40:07 notification.go:35: ✅ FCM initialized
2026/08/18 13:40:07 google.go:46: Firebase initialized successfully
2026/08/18 13:40:07 main.go:80: Go API running on :8081
2026/08/18 13:40:10 logger.go:21: === API Started ===
2026/08/18 13:40:10 db.go:32: Database connected
2026/08/18 13:40:10 db.go:42: Migration done
2026/08/18 13:40:10 notification.go:35: ✅ FCM initialized
2026/08/18 13:40:10 google.go:46: Firebase initialized successfully
2026/08/18 13:40:10 main.go:80: Go API running on :8081
2026/08/18 13:40:13 logger.go:21: === API Started ===
2026/08/18 13:40:13 db.go:32: Database connected
2026/08/18 13:40:13 db.go:42: Migration done
2026/08/18 13:40:13 notification.go:35: ✅ FCM initialized
2026/08/18 13:40:13 google.go:46: Firebase initialized successfully
2026/08/18 13:40:13 main.go:80: Go API running on :8081
2026/08/18 13:40:16 logger.go:21: === API Started ===
2026/08/18 13:40:16 db.go:32: Database connected
2026/08/18 13:40:16 db.go:42: Migration done
2026/08/18 13:40:16 notification.go:35: ✅ FCM initialized
2026/08/18 13:40:16 google.go:46: Firebase initialized successfully
2026/08/18 13:40:16 main.go:80: Go API running on :8081
2026/08/18 13:40:19 logger.go:21: === API Started ===
2026/08/18 13:40:19 db.go:32: Database connected
2026/08/18 13:40:19 db.go:42: Migration done
2026/08/18 13:40:19 notification.go:35: ✅ FCM initialized
2026/08/18 13:40:19 google.go:46: Firebase initialized successfully
2026/08/18 13:40:19 main.go:80: Go API running on :8081
2026/08/18 13:40:22 logger.go:21: === API Started ===
2026/08/18 13:40:22 db.go:32: Database connected
2026/08/18 13:40:22 db.go:42: Migration done
2026/08/18 13:40:22 notification.go:35: ✅ FCM initialized
2026/08/18 13:40:22 google.go:46: Firebase initialized successfully
2026/08/18 13:40:22 main.go:80: Go API running on :8081
2026/08/18 13:40:26 logger.go:21: === API Started ===
2026/08/18 13:40:26 db.go:32: Database connected
2026/08/18 13:40:26 db.go:42: Migration done
2026/08/18 13:40:26 notification.go:35: ✅ FCM initialized
2026/08/18 13:40:26 google.go:46: Firebase initialized successfully
2026/08/18 13:40:26 main.go:80: Go API running on :8081
2026/08/18 13:40:29 logger.go:21: === API Started ===
2026/08/18 13:40:29 db.go:32: Database connected
2026/08/18 13:40:29 db.go:42: Migration done
2026/08/18 13:40:29 notification.go:35: ✅ FCM initialized
2026/08/18 13:40:29 google.go:46: Firebase initialized successfully
2026/08/18 13:40:29 main.go:80: Go API running on :8081
2026/08/18 13:40:32 logger.go:21: === API Started ===
2026/08/18 13:40:32 db.go:32: Database connected
2026/08/18 13:40:32 db.go:42: Migration done
2026/08/18 13:40:32 notification.go:35: ✅ FCM initialized
2026/08/18 13:40:32 google.go:46: Firebase initialized successfully
2026/08/18 13:40:32 main.go:80: Go API running on :8081
2026/08/18 13:40:35 logger.go:21: === API Started ===
2026/08/18 13:40:35 db.go:32: Database connected
2026/08/18 13:40:35 db.go:42: Migration done
2026/08/18 13:40:35 notification.go:35: ✅ FCM initialized
2026/08/18 13:40:35 google.go:46: Firebase initialized successfully
2026/08/18 13:40:35 main.go:80: Go API running on :8081
2026/08/18 13:40:39 logger.go:21: === API Started ===
2026/08/18 13:40:39 db.go:32: Database connected
2026/08/18 13:40:39 db.go:42: Migration done
2026/08/18 13:40:39 notification.go:35: ✅ FCM initialized
2026/08/18 13:40:39 google.go:46: Firebase initialized successfully
2026/08/18 13:40:39 main.go:80: Go API running on :8081
2026/08/18 13:40:42 logger.go:21: === API Started ===
2026/08/18 13:40:42 db.go:32: Database connected
2026/08/18 13:40:42 db.go:42: Migration done
2026/08/18 13:40:42 notification.go:35: ✅ FCM initialized
2026/08/18 13:40:42 google.go:46: Firebase initialized successfully
2026/08/18 13:40:42 main.go:80: Go API running on :8081
2026/08/18 13:40:45 logger.go:21: === API Started ===
2026/08/18 13:40:45 db.go:32: Database connected
2026/08/18 13:40:45 db.go:42: Migration done
2026/08/18 13:40:45 notification.go:35: ✅ FCM initialized
2026/08/18 13:40:45 google.go:46: Firebase initialized successfully
2026/08/18 13:40:45 main.go:80: Go API running on :8081
2026/08/18 13:40:48 logger.go:21: === API Started ===
2026/08/18 13:40:48 db.go:32: Database connected
2026/08/18 13:40:48 db.go:42: Migration done
2026/08/18 13:40:48 notification.go:35: ✅ FCM initialized
2026/08/18 13:40:48 google.go:46: Firebase initialized successfully
2026/08/18 13:40:48 main.go:80: Go API running on :8081
2026/08/18 13:40:52 logger.go:21: === API Started ===
2026/08/18 13:40:52 db.go:32: Database connected
2026/08/18 13:40:52 db.go:42: Migration done
2026/08/18 13:40:52 notification.go:35: ✅ FCM initialized
2026/08/18 13:40:52 google.go:46: Firebase initialized successfully
2026/08/18 13:40:52 main.go:80: Go API running on :8081
2026/08/18 13:40:55 logger.go:21: === API Started ===
2026/08/18 13:40:55 db.go:32: Database connected
2026/08/18 13:40:55 db.go:42: Migration done
2026/08/18 13:40:55 notification.go:35: ✅ FCM initialized
2026/08/18 13:40:55 google.go:46: Firebase initialized successfully
2026/08/18 13:40:55 main.go:80: Go API running on :8081
2026/08/18 13:40:58 logger.go:21: === API Started ===
2026/08/18 13:40:58 db.go:32: Database connected
2026/08/18 13:40:58 db.go:42: Migration done
2026/08/18 13:40:58 notification.go:35: ✅ FCM initialized
2026/08/18 13:40:58 google.go:46: Firebase initialized successfully
2026/08/18 13:40:58 main.go:80: Go API running on :8081
2026/08/18 13:41:01 logger.go:21: === API Started ===
2026/08/18 13:41:01 db.go:32: Database connected
2026/08/18 13:41:01 db.go:42: Migration done
2026/08/18 13:41:01 notification.go:35: ✅ FCM initialized
2026/08/18 13:41:01 google.go:46: Firebase initialized successfully
2026/08/18 13:41:01 main.go:80: Go API running on :8081
2026/08/18 13:41:05 logger.go:21: === API Started ===
2026/08/18 13:41:05 db.go:32: Database connected
2026/08/18 13:41:05 db.go:42: Migration done
2026/08/18 13:41:05 notification.go:35: ✅ FCM initialized
2026/08/18 13:41:05 google.go:46: Firebase initialized successfully
2026/08/18 13:41:05 main.go:80: Go API running on :8081
2026/08/18 13:41:08 logger.go:21: === API Started ===
2026/08/18 13:41:08 db.go:32: Database connected
2026/08/18 13:41:08 db.go:42: Migration done
2026/08/18 13:41:08 notification.go:35: ✅ FCM initialized
2026/08/18 13:41:08 google.go:46: Firebase initialized successfully
2026/08/18 13:41:08 main.go:80: Go API running on :8081
2026/08/18 13:41:11 logger.go:21: === API Started ===
2026/08/18 13:41:11 db.go:32: Database connected
2026/08/18 13:41:11 db.go:42: Migration done
2026/08/18 13:41:11 notification.go:35: ✅ FCM initialized
2026/08/18 13:41:11 google.go:46: Firebase initialized successfully
2026/08/18 13:41:11 main.go:80: Go API running on :8081
2026/08/18 13:41:14 logger.go:21: === API Started ===
2026/08/18 13:41:14 db.go:32: Database connected
2026/08/18 13:41:14 db.go:42: Migration done
2026/08/18 13:41:14 notification.go:35: ✅ FCM initialized
2026/08/18 13:41:14 google.go:46: Firebase initialized successfully
2026/08/18 13:41:14 main.go:80: Go API running on :8081
2026/08/18 13:41:18 logger.go:21: === API Started ===
2026/08/18 13:41:18 db.go:32: Database connected
2026/08/18 13:41:18 db.go:42: Migration done
2026/08/18 13:41:18 notification.go:35: ✅ FCM initialized
2026/08/18 13:41:18 google.go:46: Firebase initialized successfully
2026/08/18 13:41:18 main.go:80: Go API running on :8081
2026/08/18 13:41:21 logger.go:21: === API Started ===
2026/08/18 13:41:21 db.go:32: Database connected
2026/08/18 13:41:21 db.go:42: Migration done
2026/08/18 13:41:21 notification.go:35: ✅ FCM initialized
2026/08/18 13:41:21 google.go:46: Firebase initialized successfully
2026/08/18 13:41:21 main.go:80: Go API running on :8081
2026/08/18 13:41:24 logger.go:21: === API Started ===
2026/08/18 13:41:24 db.go:32: Database connected
2026/08/18 13:41:24 db.go:42: Migration done
2026/08/18 13:41:24 notification.go:35: ✅ FCM initialized
2026/08/18 13:41:24 google.go:46: Firebase initialized successfully
2026/08/18 13:41:24 main.go:80: Go API running on :8081
2026/08/18 13:41:27 logger.go:21: === API Started ===
2026/08/18 13:41:27 db.go:32: Database connected
2026/08/18 13:41:27 db.go:42: Migration done
2026/08/18 13:41:27 notification.go:35: ✅ FCM initialized
2026/08/18 13:41:27 google.go:46: Firebase initialized successfully
2026/08/18 13:41:27 main.go:80: Go API running on :8081
2026/08/18 13:41:31 logger.go:21: === API Started ===
2026/08/18 13:41:31 db.go:32: Database connected
2026/08/18 13:41:31 db.go:42: Migration done
2026/08/18 13:41:31 notification.go:35: ✅ FCM initialized
2026/08/18 13:41:31 google.go:46: Firebase initialized successfully
2026/08/18 13:41:31 main.go:80: Go API running on :8081
2026/08/18 13:41:34 logger.go:21: === API Started ===
2026/08/18 13:41:34 db.go:32: Database connected
2026/08/18 13:41:34 db.go:42: Migration done
2026/08/18 13:41:34 notification.go:35: ✅ FCM initialized
2026/08/18 13:41:34 google.go:46: Firebase initialized successfully
2026/08/18 13:41:34 main.go:80: Go API running on :8081
2026/08/18 13:41:37 logger.go:21: === API Started ===
2026/08/18 13:41:37 db.go:32: Database connected
2026/08/18 13:41:37 db.go:42: Migration done
2026/08/18 13:41:37 notification.go:35: ✅ FCM initialized
2026/08/18 13:41:37 google.go:46: Firebase initialized successfully
2026/08/18 13:41:37 main.go:80: Go API running on :8081
2026/08/18 13:41:40 logger.go:21: === API Started ===
2026/08/18 13:41:40 db.go:32: Database connected
2026/08/18 13:41:40 db.go:42: Migration done
2026/08/18 13:41:40 notification.go:35: ✅ FCM initialized
2026/08/18 13:41:40 google.go:46: Firebase initialized successfully
2026/08/18 13:41:40 main.go:80: Go API running on :8081
2026/08/18 13:41:44 logger.go:21: === API Started ===
2026/08/18 13:41:44 db.go:32: Database connected
2026/08/18 13:41:44 db.go:42: Migration done
2026/08/18 13:41:44 notification.go:35: ✅ FCM initialized
2026/08/18 13:41:44 google.go:46: Firebase initialized successfully
2026/08/18 13:41:44 main.go:80: Go API running on :8081
2026/08/18 13:41:47 logger.go:21: === API Started ===
2026/08/18 13:41:47 db.go:32: Database connected
2026/08/18 13:41:47 db.go:42: Migration done
2026/08/18 13:41:47 notification.go:35: ✅ FCM initialized
2026/08/18 13:41:47 google.go:46: Firebase initialized successfully
2026/08/18 13:41:47 main.go:80: Go API running on :8081
2026/08/18 13:41:50 logger.go:21: === API Started ===
2026/08/18 13:41:50 db.go:32: Database connected
2026/08/18 13:41:50 db.go:42: Migration done
2026/08/18 13:41:50 notification.go:35: ✅ FCM initialized
2026/08/18 13:41:50 google.go:46: Firebase initialized successfully
2026/08/18 13:41:50 main.go:80: Go API running on :8081
2026/08/18 13:41:53 logger.go:21: === API Started ===
2026/08/18 13:41:53 db.go:32: Database connected
2026/08/18 13:41:53 db.go:42: Migration done
2026/08/18 13:41:53 notification.go:35: ✅ FCM initialized
2026/08/18 13:41:53 google.go:46: Firebase initialized successfully
2026/08/18 13:41:53 main.go:80: Go API running on :8081
2026/08/18 13:41:57 logger.go:21: === API Started ===
2026/08/18 13:41:57 db.go:32: Database connected
2026/08/18 13:41:57 db.go:42: Migration done
2026/08/18 13:41:57 notification.go:35: ✅ FCM initialized
2026/08/18 13:41:57 google.go:46: Firebase initialized successfully
2026/08/18 13:41:57 main.go:80: Go API running on :8081
2026/08/18 13:42:00 logger.go:21: === API Started ===
2026/08/18 13:42:00 db.go:32: Database connected
2026/08/18 13:42:00 db.go:42: Migration done
2026/08/18 13:42:00 notification.go:35: ✅ FCM initialized
2026/08/18 13:42:00 google.go:46: Firebase initialized successfully
2026/08/18 13:42:00 main.go:80: Go API running on :8081
2026/08/18 13:42:03 logger.go:21: === API Started ===
2026/08/18 13:42:03 db.go:32: Database connected
2026/08/18 13:42:03 db.go:42: Migration done
2026/08/18 13:42:03 notification.go:35: ✅ FCM initialized
2026/08/18 13:42:03 google.go:46: Firebase initialized successfully
2026/08/18 13:42:03 main.go:80: Go API running on :8081
2026/08/18 13:42:06 logger.go:21: === API Started ===
2026/08/18 13:42:06 db.go:32: Database connected
2026/08/18 13:42:06 db.go:42: Migration done
2026/08/18 13:42:06 notification.go:35: ✅ FCM initialized
2026/08/18 13:42:06 google.go:46: Firebase initialized successfully
2026/08/18 13:42:06 main.go:80: Go API running on :8081
2026/08/18 13:42:09 logger.go:21: === API Started ===
2026/08/18 13:42:09 db.go:32: Database connected
2026/08/18 13:42:09 db.go:42: Migration done
2026/08/18 13:42:09 notification.go:35: ✅ FCM initialized
2026/08/18 13:42:09 google.go:46: Firebase initialized successfully
2026/08/18 13:42:09 main.go:80: Go API running on :8081
2026/08/18 13:42:13 logger.go:21: === API Started ===
2026/08/18 13:42:13 db.go:32: Database connected
2026/08/18 13:42:13 db.go:42: Migration done
2026/08/18 13:42:13 notification.go:35: ✅ FCM initialized
2026/08/18 13:42:13 google.go:46: Firebase initialized successfully
2026/08/18 13:42:13 main.go:80: Go API running on :8081
2026/08/18 13:42:16 logger.go:21: === API Started ===
2026/08/18 13:42:16 db.go:32: Database connected
2026/08/18 13:42:16 db.go:42: Migration done
2026/08/18 13:42:16 notification.go:35: ✅ FCM initialized
2026/08/18 13:42:16 google.go:46: Firebase initialized successfully
2026/08/18 13:42:16 main.go:80: Go API running on :8081
2026/08/18 13:42:19 logger.go:21: === API Started ===
2026/08/18 13:42:19 db.go:32: Database connected
2026/08/18 13:42:19 db.go:42: Migration done
2026/08/18 13:42:19 notification.go:35: ✅ FCM initialized
2026/08/18 13:42:19 google.go:46: Firebase initialized successfully
2026/08/18 13:42:19 main.go:80: Go API running on :8081
2026/08/18 13:42:22 logger.go:21: === API Started ===
2026/08/18 13:42:22 db.go:32: Database connected
2026/08/18 13:42:22 db.go:42: Migration done
2026/08/18 13:42:22 notification.go:35: ✅ FCM initialized
2026/08/18 13:42:22 google.go:46: Firebase initialized successfully
2026/08/18 13:42:22 main.go:80: Go API running on :8081
2026/08/18 13:42:26 logger.go:21: === API Started ===
2026/08/18 13:42:26 db.go:32: Database connected
2026/08/18 13:42:26 db.go:42: Migration done
2026/08/18 13:42:26 notification.go:35: ✅ FCM initialized
2026/08/18 13:42:26 google.go:46: Firebase initialized successfully
2026/08/18 13:42:26 main.go:80: Go API running on :8081
2026/08/18 16:02:17 logger.go:21: === API Started ===
2026/08/18 16:02:17 db.go:32: Database connected
2026/08/18 16:02:17 db.go:42: Migration done
2026/08/18 16:02:17 notification.go:35: ✅ FCM initialized
2026/08/18 16:02:17 google.go:46: Firebase initialized successfully
2026/08/18 16:02:17 main.go:80: Go API running on :8081
2026/08/18 16:02:31 logger.go:21: === API Started ===
2026/08/18 16:02:31 db.go:32: Database connected
2026/08/18 16:02:31 db.go:42: Migration done
2026/08/18 16:02:31 notification.go:35: ✅ FCM initialized
2026/08/18 16:02:31 google.go:46: Firebase initialized successfully
2026/08/18 16:02:31 main.go:80: Go API running on :8081
2026/08/18 16:02:41 logger.go:21: === API Started ===
2026/08/18 16:02:41 db.go:32: Database connected
2026/08/18 16:02:41 db.go:42: Migration done
2026/08/18 16:02:41 notification.go:35: ✅ FCM initialized
2026/08/18 16:02:41 google.go:46: Firebase initialized successfully
2026/08/18 16:02:41 main.go:80: Go API running on :8081
2026/08/18 16:06:24 logger.go:21: === API Started ===
2026/08/18 16:06:24 db.go:32: Database connected
2026/08/18 16:06:24 db.go:42: Migration done
2026/08/18 16:06:24 notification.go:35: ✅ FCM initialized
2026/08/18 16:06:24 google.go:46: Firebase initialized successfully
2026/08/18 16:06:24 main.go:80: Go API running on :8081
2026/08/23 20:14:12 logger.go:21: === API Started ===
2026/08/23 20:14:12 db.go:32: Database connected
2026/08/23 20:14:12 db.go:42: Migration done
2026/08/23 20:14:12 notification.go:35: ✅ FCM initialized
2026/08/23 20:14:12 google.go:46: Firebase initialized successfully
2026/08/23 20:14:12 main.go:80: Go API running on :8081
2026/08/23 20:15:12 logger.go:21: === API Started ===
2026/08/23 20:15:12 db.go:32: Database connected
2026/08/23 20:15:12 db.go:42: Migration done
2026/08/23 20:15:12 notification.go:35: ✅ FCM initialized
2026/08/23 20:15:12 google.go:46: Firebase initialized successfully
2026/08/23 20:15:12 main.go:80: Go API running on :8081
2026/08/23 20:19:09 logger.go:21: === API Started ===
2026/08/23 20:19:09 db.go:32: Database connected
2026/08/23 20:19:09 db.go:42: Migration done
2026/08/23 20:19:09 notification.go:35: ✅ FCM initialized
2026/08/23 20:19:09 google.go:46: Firebase initialized successfully
2026/08/23 20:19:09 main.go:81: Go API running on :8081
2026/08/23 20:37:29 email.go:67: OTP email sent to dev.ayomide@test.coom
2026/08/23 20:39:49 email.go:67: OTP email sent to dev.ayomide@gmail.com
2026/08/23 20:56:05 logger.go:21: === API Started ===
2026/08/23 20:56:05 db.go:32: Database connected
2026/08/23 20:56:05 db.go:42: Migration done
2026/08/23 20:56:05 notification.go:35: ✅ FCM initialized
2026/08/23 20:56:05 google.go:46: Firebase initialized successfully
2026/08/23 20:56:05 main.go:81: Go API running on :8081
2026/08/23 20:58:25 logger.go:21: === API Started ===
2026/08/23 20:58:25 db.go:32: Database connected
2026/08/23 20:58:25 db.go:42: Migration done
2026/08/23 20:58:25 notification.go:35: ✅ FCM initialized
2026/08/23 20:58:25 google.go:46: Firebase initialized successfully
2026/08/23 20:58:25 main.go:81: Go API running on :8081
2026/08/23 20:59:03 email.go:67: OTP email sent to dev.ayomide@gmail.com
2026/08/23 20:59:43 email.go:67: OTP email sent to dev.ayomide@gmail.com
2026/08/23 21:06:28 email.go:67: OTP email sent to dev.ayomide@gmail.com
2026/08/23 22:10:48 email.go:67: OTP email sent to dev.ayomide@gmail.com
2026/08/24 14:54:36 email.go:67: OTP email sent to dev.ayomide@gmail.com
2026/08/24 15:06:52 email.go:67: OTP email sent to dev.ayomide@gmail.com
2026/08/24 15:08:02 logger.go:21: === API Started ===
2026/08/24 15:08:02 db.go:32: Database connected
2026/08/24 15:08:02 db.go:42: Migration done
2026/08/24 15:08:02 notification.go:35: ✅ FCM initialized
2026/08/24 15:08:02 google.go:46: Firebase initialized successfully
2026/08/24 15:08:02 main.go:81: Go API running on :8081
2026/08/24 15:08:17 email.go:67: OTP email sent to dev.ayomide@gmail.com
2026/08/24 16:47:32 email.go:67: OTP email sent to dev.ayomide@gmail.com
2026/08/28 14:33:05 logger.go:21: === API Started ===
2026/08/28 14:33:05 db.go:32: Database connected
2026/08/28 14:33:05 db.go:42: Migration done
2026/08/28 14:33:05 notification.go:35: ✅ FCM initialized
2026/08/28 14:33:05 google.go:46: Firebase initialized successfully
2026/08/28 14:33:05 main.go:81: Go API running on :8081
2026/08/28 14:33:51 logger.go:21: === API Started ===
2026/08/28 14:33:51 db.go:32: Database connected
2026/08/28 14:33:51 db.go:42: Migration done
2026/08/28 14:33:51 redis.go:23: Connected to Redis
2026/08/28 14:33:51 notification.go:35: ✅ FCM initialized
2026/08/28 14:33:51 google.go:46: Firebase initialized successfully
2026/08/28 14:33:51 main.go:93: Go API running on :8081
2026/08/28 14:39:35 logger.go:21: === API Started ===
2026/08/28 14:39:35 db.go:32: Database connected
2026/08/28 14:39:35 db.go:42: Migration done
2026/08/28 14:39:35 redis.go:23: Connected to Redis
2026/08/28 14:39:35 notification.go:35: ✅ FCM initialized
2026/08/28 14:39:35 google.go:46: Firebase initialized successfully
2026/08/28 14:39:35 main.go:93: Go API running on :8081
2026/08/28 14:41:02 logger.go:21: === API Started ===
2026/08/28 14:41:02 db.go:32: Database connected
2026/08/28 14:41:02 db.go:42: Migration done
2026/08/28 14:41:02 redis.go:23: Connected to Redis
2026/08/28 14:41:02 notification.go:35: ✅ FCM initialized
2026/08/28 14:41:02 google.go:46: Firebase initialized successfully
2026/08/28 14:41:02 main.go:93: Go API running on :8081
2026/08/28 19:12:01 logger.go:21: === API Started ===
2026/08/28 19:12:01 db.go:32: Database connected
2026/08/28 19:12:01 db.go:42: Migration done
2026/08/28 19:12:01 redis.go:23: Connected to Redis
2026/08/28 19:12:01 notification.go:35: ✅ FCM initialized
2026/08/28 19:12:01 google.go:46: Firebase initialized successfully
2026/08/28 19:12:01 main.go:93: Go API running on :8081
2026/08/28 19:12:21 logger.go:21: === API Started ===
2026/08/28 19:12:21 db.go:32: Database connected
2026/08/28 19:12:21 db.go:42: Migration done
2026/08/28 19:12:21 redis.go:23: Connected to Redis
2026/08/28 19:12:21 notification.go:35: ✅ FCM initialized
2026/08/28 19:12:21 google.go:46: Firebase initialized successfully
2026/08/28 19:12:21 main.go:93: Go API running on :8081
2026/08/29 09:57:39 logger.go:21: === API Started ===
2026/08/29 09:57:39 db.go:32: Database connected
2026/08/29 09:57:39 db.go:42: Migration done
2026/08/29 09:57:39 redis.go:23: Connected to Redis
2026/08/29 09:57:39 notification.go:35: ✅ FCM initialized
2026/08/29 09:57:39 google.go:46: Firebase initialized successfully
2026/08/29 09:57:39 main.go:93: Go API running on :8081
2026/08/29 09:58:08 logger.go:21: === API Started ===
2026/08/29 09:58:08 db.go:32: Database connected
2026/08/29 09:58:08 db.go:42: Migration done
2026/08/29 09:58:08 redis.go:23: Connected to Redis
2026/08/29 09:58:08 notification.go:35: ✅ FCM initialized
2026/08/29 09:58:08 google.go:46: Firebase initialized successfully
2026/08/29 09:58:08 main.go:93: Go API running on :8081
2026/08/29 10:01:11 logger.go:21: === API Started ===
2026/08/29 10:01:11 db.go:32: Database connected
2026/08/29 10:01:11 db.go:42: Migration done
2026/08/29 10:01:11 redis.go:23: Connected to Redis
2026/08/29 10:01:11 notification.go:35: ✅ FCM initialized
2026/08/29 10:01:11 google.go:46: Firebase initialized successfully
2026/08/29 10:01:11 main.go:93: Go API running on :8081
2026/08/29 10:08:18 logger.go:21: === API Started ===
2026/08/29 10:08:18 db.go:32: Database connected
2026/08/29 10:08:18 db.go:42: Migration done
2026/08/29 10:08:18 redis.go:23: Connected to Redis
2026/08/29 10:08:18 notification.go:35: ✅ FCM initialized
2026/08/29 10:08:18 google.go:46: Firebase initialized successfully
2026/08/29 10:08:18 main.go:99: Go API running on :8081
2026/08/29 10:09:57 logger.go:21: === API Started ===
2026/08/29 10:09:57 db.go:32: Database connected
2026/08/29 10:09:57 db.go:42: Migration done
2026/08/29 10:09:57 redis.go:23: Connected to Redis
2026/08/29 10:09:57 notification.go:35: ✅ FCM initialized
2026/08/29 10:09:57 google.go:46: Firebase initialized successfully
2026/08/29 10:09:57 main.go:99: Go API running on :8081
2026/08/29 10:33:42 logger.go:21: === API Started ===
2026/08/29 10:33:42 db.go:32: Database connected
2026/08/29 10:33:42 db.go:42: Migration done
2026/08/29 10:33:42 redis.go:23: Connected to Redis
2026/08/29 10:33:42 notification.go:35: ✅ FCM initialized
2026/08/29 10:33:42 google.go:46: Firebase initialized successfully
2026/08/29 10:33:42 main.go:99: Go API running on :8081
2026/08/29 10:36:57 logger.go:21: === API Started ===
2026/08/29 10:36:57 db.go:32: Database connected
2026/08/29 10:36:57 db.go:42: Migration done
2026/08/29 10:36:57 redis.go:23: Connected to Redis
2026/08/29 10:36:57 notification.go:35: ✅ FCM initialized
2026/08/29 10:36:57 google.go:46: Firebase initialized successfully
2026/08/29 10:36:57 main.go:99: Go API running on :8081
2026/08/29 10:37:06 logger.go:21: === API Started ===
2026/08/29 10:37:06 db.go:32: Database connected
2026/08/29 10:37:06 db.go:42: Migration done
2026/08/29 10:37:06 redis.go:23: Connected to Redis
2026/08/29 10:37:06 notification.go:35: ✅ FCM initialized
2026/08/29 10:37:06 google.go:46: Firebase initialized successfully
2026/08/29 10:37:06 main.go:99: Go API running on :8081
2026/08/29 10:37:54 logger.go:21: === API Started ===
2026/08/29 10:37:54 db.go:32: Database connected
2026/08/29 10:37:54 db.go:42: Migration done
2026/08/29 10:37:54 redis.go:23: Connected to Redis
2026/08/29 10:37:54 notification.go:35: ✅ FCM initialized
2026/08/29 10:37:54 google.go:46: Firebase initialized successfully
2026/08/29 10:37:54 main.go:99: Go API running on :8081
2026/08/29 11:03:19 logger.go:21: === API Started ===
2026/08/29 11:03:19 db.go:32: Database connected
2026/08/29 11:03:19 db.go:42: Migration done
2026/08/29 11:03:19 redis.go:23: Connected to Redis
2026/08/29 11:03:19 notification.go:35: ✅ FCM initialized
2026/08/29 11:03:19 google.go:46: Firebase initialized successfully
2026/08/29 11:03:19 main.go:99: Go API running on :8081
2026/08/29 11:04:36 logger.go:21: === API Started ===
2026/08/29 11:04:36 db.go:32: Database connected
2026/08/29 11:04:36 db.go:42: Migration done
2026/08/29 11:04:36 redis.go:23: Connected to Redis
2026/08/29 11:04:36 notification.go:35: ✅ FCM initialized
2026/08/29 11:04:36 google.go:46: Firebase initialized successfully
2026/08/29 11:04:36 main.go:99: Go API running on :8081
2026/08/29 11:41:10 logger.go:21: === API Started ===
2026/08/29 11:41:10 db.go:32: Database connected
2026/08/29 11:41:10 db.go:42: Migration done
2026/08/29 11:41:10 redis.go:23: Connected to Redis
2026/08/29 11:41:10 notification.go:35: ✅ FCM initialized
2026/08/29 11:41:10 google.go:46: Firebase initialized successfully
2026/08/29 11:41:10 main.go:99: Go API running on :8081
2026/08/29 12:26:01 logger.go:21: === API Started ===
2026/08/29 12:26:01 db.go:32: Database connected
2026/08/29 12:26:01 db.go:42: Migration done
2026/08/29 12:26:01 redis.go:23: Connected to Redis
2026/08/29 12:26:01 notification.go:35: ✅ FCM initialized
2026/08/29 12:26:01 google.go:46: Firebase initialized successfully
2026/08/29 12:26:01 main.go:99: Go API running on :8081
2026/08/29 12:28:35 logger.go:21: === API Started ===
2026/08/29 12:28:35 db.go:32: Database connected
2026/08/29 12:28:35 db.go:42: Migration done
2026/08/29 12:28:35 redis.go:23: Connected to Redis
2026/08/29 12:28:35 notification.go:35: ✅ FCM initialized
2026/08/29 12:28:35 google.go:46: Firebase initialized successfully
2026/08/29 12:28:35 main.go:99: Go API running on :8081
2026/08/29 12:28:52 logger.go:21: === API Started ===
2026/08/29 12:28:52 db.go:32: Database connected
2026/08/29 12:28:52 db.go:42: Migration done
2026/08/29 12:28:52 redis.go:23: Connected to Redis
2026/08/29 12:28:52 notification.go:35: ✅ FCM initialized
2026/08/29 12:28:52 google.go:46: Firebase initialized successfully
2026/08/29 12:28:52 main.go:99: Go API running on :8081
2026/08/29 12:30:38 logger.go:21: === API Started ===
2026/08/29 12:30:38 db.go:32: Database connected
2026/08/29 12:30:38 db.go:42: Migration done
2026/08/29 12:30:38 redis.go:23: Connected to Redis
2026/08/29 12:30:38 notification.go:35: ✅ FCM initialized
2026/08/29 12:30:38 google.go:46: Firebase initialized successfully
2026/08/29 12:30:38 main.go:99: Go API running on :8081
2026/08/29 12:36:51 logger.go:21: === API Started ===
2026/08/29 12:36:51 db.go:32: Database connected
2026/08/29 12:36:51 db.go:42: Migration done
2026/08/29 12:36:51 redis.go:23: Connected to Redis
2026/08/29 12:36:51 notification.go:35: ✅ FCM initialized
2026/08/29 12:36:51 google.go:46: Firebase initialized successfully
2026/08/29 12:36:51 main.go:99: Go API running on :8081
2026/08/29 12:37:12 logger.go:21: === API Started ===
2026/08/29 12:37:12 db.go:32: Database connected
2026/08/29 12:37:12 db.go:42: Migration done
2026/08/29 12:37:12 redis.go:23: Connected to Redis
2026/08/29 12:37:12 notification.go:35: ✅ FCM initialized
2026/08/29 12:37:12 google.go:46: Firebase initialized successfully
2026/08/29 12:37:12 main.go:99: Go API running on :8081
2026/08/29 12:37:35 logger.go:21: === API Started ===
2026/08/29 12:37:35 db.go:32: Database connected
2026/08/29 12:37:35 db.go:42: Migration done
2026/08/29 12:37:35 redis.go:23: Connected to Redis
2026/08/29 12:37:35 notification.go:35: ✅ FCM initialized
2026/08/29 12:37:35 google.go:46: Firebase initialized successfully
2026/08/29 12:37:35 main.go:105: Go API running on :8081
2026/08/29 12:42:13 logger.go:21: === API Started ===
2026/08/29 12:42:13 db.go:32: Database connected
2026/08/29 12:42:13 db.go:42: Migration done
2026/08/29 12:42:13 redis.go:23: Connected to Redis
2026/08/29 12:42:13 notification.go:35: ✅ FCM initialized
2026/08/29 12:42:13 google.go:46: Firebase initialized successfully
2026/08/29 12:42:13 main.go:105: Go API running on :8081
2026/08/29 12:53:16 logger.go:21: === API Started ===
2026/08/29 12:53:16 db.go:32: Database connected
2026/08/29 12:53:16 db.go:42: Migration done
2026/08/29 12:53:16 redis.go:23: Connected to Redis
2026/08/29 12:53:16 notification.go:35: ✅ FCM initialized
2026/08/29 12:53:16 google.go:46: Firebase initialized successfully
2026/08/29 12:53:16 main.go:105: Go API running on :8081
2026/08/29 12:54:44 logger.go:21: === API Started ===
2026/08/29 12:54:44 db.go:32: Database connected
2026/08/29 12:54:44 db.go:42: Migration done
2026/08/29 12:54:44 redis.go:23: Connected to Redis
2026/08/29 12:54:44 notification.go:35: ✅ FCM initialized
2026/08/29 12:54:44 google.go:46: Firebase initialized successfully
2026/08/29 12:54:44 main.go:105: Go API running on :8081
2026/08/29 12:56:17 logger.go:21: === API Started ===
2026/08/29 12:56:17 db.go:32: Database connected
2026/08/29 12:56:17 db.go:42: Migration done
2026/08/29 12:56:17 redis.go:23: Connected to Redis
2026/08/29 12:56:17 notification.go:35: ✅ FCM initialized
2026/08/29 12:56:17 google.go:46: Firebase initialized successfully
2026/08/29 12:56:17 main.go:105: Go API running on :8081
2026/08/29 12:57:06 logger.go:21: === API Started ===
2026/08/29 12:57:06 db.go:32: Database connected
2026/08/29 12:57:06 db.go:42: Migration done
2026/08/29 12:57:06 redis.go:23: Connected to Redis
2026/08/29 12:57:06 notification.go:35: ✅ FCM initialized
2026/08/29 12:57:06 google.go:46: Firebase initialized successfully
2026/08/29 12:57:06 main.go:106: Go API running on :8081
2026/08/29 15:37:42 email.go:67: OTP email sent to dev.ayomide@gmail.com
2026/08/29 15:57:17 notification.go:38: [PUSH] Attempting to send notification for booking #86
2026/08/29 15:57:17 notification.go:50: [PUSH] Sending to device: test...
2026/08/29 15:57:18 notification.go:107: [PUSH] ❌ Failed for booking #86: The registration token is not a valid FCM registration token
2026/08/29 16:24:00 logger.go:21: === API Started ===
2026/08/29 16:24:00 db.go:32: Database connected
2026/08/29 16:24:00 db.go:42: Migration done
2026/08/29 16:24:00 redis.go:23: Connected to Redis
2026/08/29 16:24:00 notification.go:35: ✅ FCM initialized
2026/08/29 16:24:00 google.go:46: Firebase initialized successfully
2026/08/29 16:24:00 main.go:106: Go API running on :8081
2026/08/29 16:28:17 logger.go:21: === API Started ===
2026/08/29 16:28:17 db.go:32: Database connected
2026/08/29 16:28:17 db.go:42: Migration done
2026/08/29 16:28:17 redis.go:23: Connected to Redis
2026/08/29 16:28:17 notification.go:35: ✅ FCM initialized
2026/08/29 16:28:17 google.go:46: Firebase initialized successfully
2026/08/29 16:28:17 main.go:106: Go API running on :8081
2026/08/29 16:29:54 notification.go:38: [PUSH] Attempting to send notification for booking #87
2026/08/29 16:29:54 notification.go:50: [PUSH] Sending to device: 914ec07a-d40b-46cf-8...
2026/08/29 16:29:54 notification.go:107: [PUSH] ❌ Failed for booking #87: The registration token is not a valid FCM registration token
2026/08/30 22:32:07 logger.go:21: === API Started ===
2026/08/30 22:32:07 db.go:32: Database connected
2026/08/30 22:32:07 db.go:42: Migration done
2026/08/30 22:32:07 redis.go:23: Connected to Redis
2026/08/30 22:32:07 notification.go:35: ✅ FCM initialized
2026/08/30 22:32:07 google.go:46: Firebase initialized successfully
2026/08/30 22:32:07 main.go:106: Go API running on :8081
2026/08/30 22:39:54 logger.go:21: === API Started ===
2026/08/30 22:39:54 db.go:32: Database connected
2026/08/30 22:39:54 db.go:42: Migration done
2026/08/30 22:39:54 redis.go:23: Connected to Redis
2026/08/30 22:39:54 notification.go:35: ✅ FCM initialized
2026/08/30 22:39:54 google.go:46: Firebase initialized successfully
2026/08/30 22:39:54 main.go:109: Go API running on :8081
2026/08/30 22:54:28 logger.go:21: === API Started ===
2026/08/30 22:54:28 db.go:32: Database connected
2026/08/30 22:54:28 db.go:42: Migration done
2026/08/30 22:54:28 redis.go:23: Connected to Redis
2026/08/30 22:54:28 notification.go:35: ✅ FCM initialized
2026/08/30 22:54:28 google.go:46: Firebase initialized successfully
2026/08/30 22:54:28 main.go:109: Go API running on :8081
2026/08/30 22:54:58 logger.go:21: === API Started ===
2026/08/30 22:54:58 db.go:32: Database connected
2026/08/30 22:54:58 db.go:42: Migration done
2026/08/30 22:54:58 redis.go:23: Connected to Redis
2026/08/30 22:54:58 notification.go:35: ✅ FCM initialized
2026/08/30 22:54:58 google.go:46: Firebase initialized successfully
2026/08/30 22:54:58 main.go:109: Go API running on :8081
2026/08/30 22:55:37 logger.go:21: === API Started ===
2026/08/30 22:55:37 db.go:32: Database connected
2026/08/30 22:55:37 db.go:42: Migration done
2026/08/30 22:55:37 redis.go:23: Connected to Redis
2026/08/30 22:55:37 notification.go:35: ✅ FCM initialized
2026/08/30 22:55:37 google.go:46: Firebase initialized successfully
2026/08/30 22:55:37 main.go:109: Go API running on :8081
2026/08/30 22:55:56 logger.go:21: === API Started ===
2026/08/30 22:55:56 db.go:32: Database connected
2026/08/30 22:55:56 db.go:42: Migration done
2026/08/30 22:55:56 redis.go:23: Connected to Redis
2026/08/30 22:55:56 notification.go:35: ✅ FCM initialized
2026/08/30 22:55:56 google.go:46: Firebase initialized successfully
2026/08/30 22:55:56 main.go:109: Go API running on :8081
2026/08/30 22:56:32 logger.go:21: === API Started ===
2026/08/30 22:56:32 db.go:32: Database connected
2026/08/30 22:56:32 db.go:42: Migration done
2026/08/30 22:56:32 redis.go:23: Connected to Redis
2026/08/30 22:56:32 notification.go:35: ✅ FCM initialized
2026/08/30 22:56:32 google.go:46: Firebase initialized successfully
2026/08/30 22:56:32 main.go:109: Go API running on :8081
2026/08/30 22:56:42 logger.go:21: === API Started ===
2026/08/30 22:56:42 db.go:32: Database connected
2026/08/30 22:56:42 db.go:42: Migration done
2026/08/30 22:56:42 redis.go:23: Connected to Redis
2026/08/30 22:56:42 notification.go:35: ✅ FCM initialized
2026/08/30 22:56:42 google.go:46: Firebase initialized successfully
2026/08/30 22:56:42 main.go:109: Go API running on :8081
2026/08/30 22:57:32 logger.go:21: === API Started ===
2026/08/30 22:57:32 db.go:32: Database connected
2026/08/30 22:57:32 db.go:42: Migration done
2026/08/30 22:57:32 redis.go:23: Connected to Redis
2026/08/30 22:57:32 notification.go:35: ✅ FCM initialized
2026/08/30 22:57:32 google.go:46: Firebase initialized successfully
2026/08/30 22:57:32 main.go:109: Go API running on :8081
2026/08/30 22:58:35 logger.go:21: === API Started ===
2026/08/30 22:58:35 db.go:32: Database connected
2026/08/30 22:58:35 db.go:42: Migration done
2026/08/30 22:58:35 redis.go:23: Connected to Redis
2026/08/30 22:58:35 notification.go:35: ✅ FCM initialized
2026/08/30 22:58:35 google.go:46: Firebase initialized successfully
2026/08/30 22:58:35 main.go:109: Go API running on :8081
2026/08/30 23:05:12 logger.go:21: === API Started ===
2026/08/30 23:05:12 db.go:32: Database connected
2026/08/30 23:05:12 db.go:42: Migration done
2026/08/30 23:05:12 redis.go:23: Connected to Redis
2026/08/30 23:05:12 notification.go:35: ✅ FCM initialized
2026/08/30 23:05:12 google.go:46: Firebase initialized successfully
2026/08/30 23:05:12 main.go:109: Go API running on :8081
2026/08/30 23:13:37 logger.go:21: === API Started ===
2026/08/30 23:13:37 db.go:32: Database connected
2026/08/30 23:13:37 db.go:42: Migration done
2026/08/30 23:13:37 redis.go:23: Connected to Redis
2026/08/30 23:13:37 notification.go:35: ✅ FCM initialized
2026/08/30 23:13:37 google.go:46: Firebase initialized successfully
2026/08/30 23:13:37 main.go:109: Go API running on :8081
2026/08/31 09:32:51 email.go:67: OTP email sent to dev.ayomide@gmail.com
2026/08/31 10:12:22 email.go:67: OTP email sent to dev.ayomide@gmail.com
2026/08/31 11:02:19 logger.go:21: === API Started ===
2026/08/31 11:02:19 db.go:32: Database connected
2026/08/31 11:02:19 db.go:42: Migration done
2026/08/31 11:02:19 redis.go:23: Connected to Redis
2026/08/31 11:02:19 notification.go:35: ✅ FCM initialized
2026/08/31 11:02:19 google.go:46: Firebase initialized successfully
2026/08/31 11:02:19 main.go:109: Go API running on :8081
2026/08/31 11:02:32 logger.go:21: === API Started ===
2026/08/31 11:02:32 db.go:32: Database connected
2026/08/31 11:02:32 db.go:42: Migration done
2026/08/31 11:02:32 redis.go:23: Connected to Redis
2026/08/31 11:02:32 notification.go:35: ✅ FCM initialized
2026/08/31 11:02:32 google.go:46: Firebase initialized successfully
2026/08/31 11:02:32 main.go:109: Go API running on :8081
2026/08/31 11:02:51 logger.go:21: === API Started ===
2026/08/31 11:02:51 db.go:32: Database connected
2026/08/31 11:02:51 db.go:42: Migration done
2026/08/31 11:02:51 redis.go:23: Connected to Redis
2026/08/31 11:02:51 notification.go:35: ✅ FCM initialized
2026/08/31 11:02:51 google.go:46: Firebase initialized successfully
2026/08/31 11:02:51 main.go:109: Go API running on :8081
2026/08/31 11:03:05 logger.go:21: === API Started ===
2026/08/31 11:03:05 db.go:32: Database connected
2026/08/31 11:03:05 db.go:42: Migration done
2026/08/31 11:03:05 redis.go:23: Connected to Redis
2026/08/31 11:03:05 notification.go:35: ✅ FCM initialized
2026/08/31 11:03:05 google.go:46: Firebase initialized successfully
2026/08/31 11:03:05 main.go:109: Go API running on :8081
2026/08/31 11:35:47 logger.go:21: === API Started ===
2026/08/31 11:35:47 db.go:32: Database connected
2026/08/31 11:35:47 db.go:42: Migration done
2026/08/31 11:35:47 redis.go:23: Connected to Redis
2026/08/31 11:35:47 notification.go:35: ✅ FCM initialized
2026/08/31 11:35:47 google.go:46: Firebase initialized successfully
2026/08/31 11:35:47 main.go:109: Go API running on :8081
2026/08/31 12:16:54 logger.go:21: === API Started ===
2026/08/31 12:16:54 db.go:32: Database connected
2026/08/31 12:16:54 db.go:42: Migration done
2026/08/31 12:16:54 redis.go:23: Connected to Redis
2026/08/31 12:16:54 notification.go:35: ✅ FCM initialized
2026/08/31 12:16:54 google.go:46: Firebase initialized successfully
2026/08/31 12:16:54 main.go:109: Go API running on :8081
2026/08/31 12:32:28 logger.go:21: === API Started ===
2026/08/31 12:32:28 db.go:32: Database connected
2026/08/31 12:32:28 db.go:42: Migration done
2026/08/31 12:32:28 redis.go:23: Connected to Redis
2026/08/31 12:32:28 notification.go:35: ✅ FCM initialized
2026/08/31 12:32:28 google.go:46: Firebase initialized successfully
2026/08/31 12:32:28 main.go:109: Go API running on :8081
2026/08/31 12:32:41 logger.go:21: === API Started ===
2026/08/31 12:32:41 db.go:32: Database connected
2026/08/31 12:32:41 db.go:42: Migration done
2026/08/31 12:32:41 redis.go:23: Connected to Redis
2026/08/31 12:32:41 notification.go:35: ✅ FCM initialized
2026/08/31 12:32:41 google.go:46: Firebase initialized successfully
2026/08/31 12:32:41 main.go:109: Go API running on :8081
2026/08/31 13:15:08 logger.go:21: === API Started ===
2026/08/31 13:15:08 db.go:32: Database connected
2026/08/31 13:15:09 db.go:42: Migration done
2026/08/31 13:15:09 redis.go:23: Connected to Redis
2026/08/31 13:15:09 notification.go:35: ✅ FCM initialized
2026/08/31 13:15:09 google.go:46: Firebase initialized successfully
2026/08/31 13:15:09 main.go:109: Go API running on :8081
2026/08/31 13:15:30 logger.go:21: === API Started ===
2026/08/31 13:15:30 db.go:32: Database connected
2026/08/31 13:15:30 db.go:42: Migration done
2026/08/31 13:15:30 redis.go:23: Connected to Redis
2026/08/31 13:15:30 notification.go:35: ✅ FCM initialized
2026/08/31 13:15:30 google.go:46: Firebase initialized successfully
2026/08/31 13:15:30 main.go:109: Go API running on :8081
2026/08/31 13:20:23 logger.go:21: === API Started ===
2026/08/31 13:20:23 db.go:32: Database connected
2026/08/31 13:20:23 db.go:42: Migration done
2026/08/31 13:20:23 redis.go:23: Connected to Redis
2026/08/31 13:20:23 notification.go:35: ✅ FCM initialized
2026/08/31 13:20:23 google.go:46: Firebase initialized successfully
2026/08/31 13:20:23 main.go:109: Go API running on :8081
2026/08/31 13:27:38 logger.go:21: === API Started ===
2026/08/31 13:27:38 db.go:32: Database connected
2026/08/31 13:27:38 db.go:42: Migration done
2026/08/31 13:27:38 redis.go:23: Connected to Redis
2026/08/31 13:27:38 notification.go:35: ✅ FCM initialized
2026/08/31 13:27:38 google.go:46: Firebase initialized successfully
2026/08/31 13:27:38 main.go:109: Go API running on :8081
2026/08/31 13:28:16 logger.go:21: === API Started ===
2026/08/31 13:28:16 db.go:32: Database connected
2026/08/31 13:28:16 db.go:42: Migration done
2026/08/31 13:28:16 redis.go:23: Connected to Redis
2026/08/31 13:28:16 notification.go:35: ✅ FCM initialized
2026/08/31 13:28:16 google.go:46: Firebase initialized successfully
2026/08/31 13:28:16 main.go:109: Go API running on :8081
2026/08/31 13:32:36 logger.go:21: === API Started ===
2026/08/31 13:32:36 db.go:32: Database connected
2026/08/31 13:32:36 db.go:42: Migration done
2026/08/31 13:32:36 redis.go:23: Connected to Redis
2026/08/31 13:32:36 notification.go:35: ✅ FCM initialized
2026/08/31 13:32:36 google.go:46: Firebase initialized successfully
2026/08/31 13:32:36 main.go:109: Go API running on :8081
2026/08/31 13:43:27 logger.go:21: === API Started ===
2026/08/31 13:43:27 db.go:32: Database connected
2026/08/31 13:43:27 db.go:42: Migration done
2026/08/31 13:43:27 redis.go:23: Connected to Redis
2026/08/31 13:43:27 notification.go:35: ✅ FCM initialized
2026/08/31 13:43:27 google.go:46: Firebase initialized successfully
2026/08/31 13:43:27 main.go:124: Go API running on :8081
2026/08/31 14:32:13 logger.go:21: === API Started ===
2026/08/31 14:32:13 db.go:32: Database connected
2026/08/31 14:32:13 db.go:42: Migration done
2026/08/31 14:32:13 redis.go:23: Connected to Redis
2026/08/31 14:32:13 notification.go:35: ✅ FCM initialized
2026/08/31 14:32:13 google.go:46: Firebase initialized successfully
2026/08/31 14:32:13 main.go:124: Go API running on :8081
2026/08/31 14:33:52 logger.go:21: === API Started ===
2026/08/31 14:33:52 db.go:32: Database connected
2026/08/31 14:33:53 db.go:42: Migration done
2026/08/31 14:33:53 redis.go:23: Connected to Redis
2026/08/31 14:33:53 notification.go:35: ✅ FCM initialized
2026/08/31 14:33:53 google.go:46: Firebase initialized successfully
2026/08/31 14:33:53 main.go:124: Go API running on :8081
2026/08/31 14:34:42 logger.go:21: === API Started ===
2026/08/31 14:34:42 db.go:32: Database connected
2026/08/31 14:34:42 db.go:42: Migration done
2026/08/31 14:34:42 redis.go:23: Connected to Redis
2026/08/31 14:34:42 notification.go:35: ✅ FCM initialized
2026/08/31 14:34:42 google.go:46: Firebase initialized successfully
2026/08/31 14:34:42 main.go:125: Go API running on :8081
2026/08/31 14:35:02 logger.go:21: === API Started ===
2026/08/31 14:35:02 db.go:32: Database connected
2026/08/31 14:35:02 db.go:42: Migration done
2026/08/31 14:35:02 redis.go:23: Connected to Redis
2026/08/31 14:35:02 notification.go:35: ✅ FCM initialized
2026/08/31 14:35:02 google.go:46: Firebase initialized successfully
2026/08/31 14:35:02 main.go:125: Go API running on :8081
2026/08/31 14:37:33 logger.go:21: === API Started ===
2026/08/31 14:37:33 db.go:32: Database connected
2026/08/31 14:37:33 db.go:42: Migration done
2026/08/31 14:37:33 redis.go:23: Connected to Redis
2026/08/31 14:37:33 notification.go:35: ✅ FCM initialized
2026/08/31 14:37:33 google.go:46: Firebase initialized successfully
2026/08/31 14:37:33 main.go:126: Go API running on :8081
2026/08/31 14:41:08 logger.go:21: === API Started ===
2026/08/31 14:41:08 db.go:32: Database connected
2026/08/31 14:41:08 db.go:42: Migration done
2026/08/31 14:41:08 redis.go:23: Connected to Redis
2026/08/31 14:41:08 notification.go:35: ✅ FCM initialized
2026/08/31 14:41:08 google.go:46: Firebase initialized successfully
2026/08/31 14:41:08 main.go:135: Go API running on :8081
2026/08/31 14:41:17 logger.go:21: === API Started ===
2026/08/31 14:41:17 db.go:32: Database connected
2026/08/31 14:41:17 db.go:42: Migration done
2026/08/31 14:41:17 redis.go:23: Connected to Redis
2026/08/31 14:41:17 notification.go:35: ✅ FCM initialized
2026/08/31 14:41:17 google.go:46: Firebase initialized successfully
2026/08/31 14:41:17 main.go:135: Go API running on :8081
2026/08/31 14:44:29 logger.go:21: === API Started ===
2026/08/31 14:44:29 db.go:32: Database connected
2026/08/31 14:44:29 db.go:42: Migration done
2026/08/31 14:44:29 redis.go:23: Connected to Redis
2026/08/31 14:44:29 notification.go:35: ✅ FCM initialized
2026/08/31 14:44:29 google.go:46: Firebase initialized successfully
2026/08/31 14:44:29 main.go:135: Go API running on :8081
2026/08/31 15:01:49 logger.go:21: === API Started ===
2026/08/31 15:01:49 db.go:32: Database connected
2026/08/31 15:01:49 db.go:42: Migration done
2026/08/31 15:01:49 redis.go:23: Connected to Redis
2026/08/31 15:01:49 notification.go:35: ✅ FCM initialized
2026/08/31 15:01:49 google.go:46: Firebase initialized successfully
2026/08/31 15:01:49 main.go:135: Go API running on :8081
2026/08/31 15:02:36 logger.go:21: === API Started ===
2026/08/31 15:02:36 db.go:32: Database connected
2026/08/31 15:02:36 db.go:42: Migration done
2026/08/31 15:02:36 redis.go:23: Connected to Redis
2026/08/31 15:02:36 notification.go:35: ✅ FCM initialized
2026/08/31 15:02:36 google.go:46: Firebase initialized successfully
2026/08/31 15:02:36 main.go:135: Go API running on :8081
2026/08/31 15:03:17 logger.go:21: === API Started ===
2026/08/31 15:03:17 db.go:32: Database connected
2026/08/31 15:03:17 db.go:42: Migration done
2026/08/31 15:03:17 redis.go:23: Connected to Redis
2026/08/31 15:03:17 notification.go:35: ✅ FCM initialized
2026/08/31 15:03:17 google.go:46: Firebase initialized successfully
2026/08/31 15:03:17 main.go:135: Go API running on :8081
2026/08/31 15:05:23 email.go:128: Would send hotel application confirmation to dev.ayomide+33@gmail.com (email disabled)
2026/08/31 15:05:23 email.go:165: Would send new hotel application notification (email disabled)
2026/08/31 15:17:13 logger.go:21: === API Started ===
2026/08/31 15:17:13 db.go:32: Database connected
2026/08/31 15:17:13 db.go:42: Migration done
2026/08/31 15:17:13 redis.go:23: Connected to Redis
2026/08/31 15:17:13 notification.go:35: ✅ FCM initialized
2026/08/31 15:17:13 google.go:46: Firebase initialized successfully
2026/08/31 15:17:13 main.go:135: Go API running on :8081
2026/08/31 15:19:48 email.go:128: Would send hotel application confirmation to dev.ayomide+3@gmail.com (email disabled)
2026/08/31 15:19:48 email.go:165: Would send new hotel application notification (email disabled)
2026/08/31 15:40:58 logger.go:21: === API Started ===
2026/08/31 15:40:58 db.go:32: Database connected
2026/08/31 15:40:58 db.go:42: Migration done
2026/08/31 15:40:58 redis.go:23: Connected to Redis
2026/08/31 15:40:58 notification.go:35: ✅ FCM initialized
2026/08/31 15:40:58 google.go:46: Firebase initialized successfully
2026/08/31 15:40:58 main.go:136: Go API running on :8081
2026/08/31 15:43:30 email.go:156: Hotel application confirmation sent to dev.ayomide@gmail.com
2026/08/31 15:43:30 email.go:203: New hotel application notification sent to dev.ayomide@gmail.com
2026/08/31 16:04:54 logger.go:21: === API Started ===
2026/08/31 16:04:54 db.go:32: Database connected
2026/08/31 16:04:54 db.go:42: Migration done
2026/08/31 16:04:54 redis.go:23: Connected to Redis
2026/08/31 16:04:54 notification.go:35: ✅ FCM initialized
2026/08/31 16:04:54 google.go:46: Firebase initialized successfully
2026/08/31 16:04:54 main.go:138: Go API running on :8081
2026/08/31 16:40:10 logger.go:21: === API Started ===
2026/08/31 16:40:10 db.go:32: Database connected
2026/08/31 16:40:10 db.go:42: Migration done
2026/08/31 16:40:10 redis.go:23: Connected to Redis
2026/08/31 16:40:10 notification.go:35: ✅ FCM initialized
2026/08/31 16:40:10 google.go:46: Firebase initialized successfully
2026/08/31 16:40:10 main.go:138: Go API running on :8081
2026/08/31 16:41:05 logger.go:21: === API Started ===
2026/08/31 16:41:05 db.go:32: Database connected
2026/08/31 16:41:05 db.go:42: Migration done
2026/08/31 16:41:05 redis.go:23: Connected to Redis
2026/08/31 16:41:05 notification.go:35: ✅ FCM initialized
2026/08/31 16:41:05 google.go:46: Firebase initialized successfully
2026/08/31 16:41:05 main.go:138: Go API running on :8081
2026/08/31 16:41:15 logger.go:21: === API Started ===
2026/08/31 16:41:15 db.go:32: Database connected
2026/08/31 16:41:15 db.go:42: Migration done
2026/08/31 16:41:15 redis.go:23: Connected to Redis
2026/08/31 16:41:15 notification.go:35: ✅ FCM initialized
2026/08/31 16:41:15 google.go:46: Firebase initialized successfully
2026/08/31 16:41:15 main.go:138: Go API running on :8081
2026/08/31 16:41:36 logger.go:21: === API Started ===
2026/08/31 16:41:36 db.go:32: Database connected
2026/08/31 16:41:36 db.go:42: Migration done
2026/08/31 16:41:36 redis.go:23: Connected to Redis
2026/08/31 16:41:36 notification.go:35: ✅ FCM initialized
2026/08/31 16:41:36 google.go:46: Firebase initialized successfully
2026/08/31 16:41:36 main.go:138: Go API running on :8081
2026/08/31 16:45:38 logger.go:21: === API Started ===
2026/08/31 16:45:38 db.go:32: Database connected
2026/08/31 16:45:38 db.go:42: Migration done
2026/08/31 16:45:38 redis.go:23: Connected to Redis
2026/08/31 16:45:38 notification.go:35: ✅ FCM initialized
2026/08/31 16:45:38 google.go:46: Firebase initialized successfully
2026/08/31 16:45:38 main.go:138: Go API running on :8081
2026/08/31 16:45:58 logger.go:21: === API Started ===
2026/08/31 16:45:58 db.go:32: Database connected
2026/08/31 16:45:58 db.go:42: Migration done
2026/08/31 16:45:58 redis.go:23: Connected to Redis
2026/08/31 16:45:58 notification.go:35: ✅ FCM initialized
2026/08/31 16:45:58 google.go:46: Firebase initialized successfully
2026/08/31 16:45:58 main.go:138: Go API running on :8081
2026/08/31 16:46:10 logger.go:21: === API Started ===
2026/08/31 16:46:10 db.go:32: Database connected
2026/08/31 16:46:10 db.go:42: Migration done
2026/08/31 16:46:10 redis.go:23: Connected to Redis
2026/08/31 16:46:10 notification.go:35: ✅ FCM initialized
2026/08/31 16:46:10 google.go:46: Firebase initialized successfully
2026/08/31 16:46:10 main.go:138: Go API running on :8081
2026/08/31 16:46:39 logger.go:21: === API Started ===
2026/08/31 16:46:39 db.go:32: Database connected
2026/08/31 16:46:39 db.go:42: Migration done
2026/08/31 16:46:39 redis.go:23: Connected to Redis
2026/08/31 16:46:39 notification.go:35: ✅ FCM initialized
2026/08/31 16:46:39 google.go:46: Firebase initialized successfully
2026/08/31 16:46:39 main.go:138: Go API running on :8081
2026/08/31 16:46:49 hotel.go:189: Google login: email=dev.ayomide@gmail.com, member.HotelID=eeb9f3d4-d79a-4257-b1e2-095809e4c4be, hotel.Status=
2026/08/31 16:49:52 logger.go:21: === API Started ===
2026/08/31 16:49:52 db.go:32: Database connected
2026/08/31 16:49:52 db.go:42: Migration done
2026/08/31 16:49:52 redis.go:23: Connected to Redis
2026/08/31 16:49:52 notification.go:35: ✅ FCM initialized
2026/08/31 16:49:52 google.go:46: Firebase initialized successfully
2026/08/31 16:49:52 main.go:138: Go API running on :8081
2026/08/31 16:50:03 hotel.go:190: Google login: email=dev.ayomide@gmail.com, member.HotelID=eeb9f3d4-d79a-4257-b1e2-095809e4c4be, hotel.Status=active
2026/08/31 16:50:31 hotel.go:190: Google login: email=dev.ayomide@gmail.com, member.HotelID=eeb9f3d4-d79a-4257-b1e2-095809e4c4be, hotel.Status=active
2026/09/01 03:53:44 hotel.go:190: Google login: email=dev.ayomide@gmail.com, member.HotelID=eeb9f3d4-d79a-4257-b1e2-095809e4c4be, hotel.Status=active
2026/09/01 04:36:29 logger.go:21: === API Started ===
2026/09/01 04:36:29 db.go:32: Database connected
2026/09/01 04:36:29 db.go:42: Migration done
2026/09/01 04:36:29 redis.go:23: Connected to Redis
2026/09/01 04:36:29 notification.go:35: ✅ FCM initialized
2026/09/01 04:36:29 google.go:46: Firebase initialized successfully
2026/09/01 04:36:29 main.go:138: Go API running on :8081
2026/09/01 04:37:31 logger.go:21: === API Started ===
2026/09/01 04:37:31 db.go:32: Database connected
2026/09/01 04:37:31 db.go:42: Migration done
2026/09/01 04:37:31 redis.go:23: Connected to Redis
2026/09/01 04:37:31 notification.go:35: ✅ FCM initialized
2026/09/01 04:37:31 google.go:46: Firebase initialized successfully
2026/09/01 04:37:31 main.go:138: Go API running on :8081
2026/09/01 04:37:41 logger.go:21: === API Started ===
2026/09/01 04:37:41 db.go:32: Database connected
2026/09/01 04:37:41 db.go:42: Migration done
2026/09/01 04:37:41 redis.go:23: Connected to Redis
2026/09/01 04:37:41 notification.go:35: ✅ FCM initialized
2026/09/01 04:37:41 google.go:46: Firebase initialized successfully
2026/09/01 04:37:41 main.go:138: Go API running on :8081
2026/09/01 04:38:15 logger.go:21: === API Started ===
2026/09/01 04:38:15 db.go:32: Database connected
2026/09/01 04:38:15 db.go:42: Migration done
2026/09/01 04:38:15 redis.go:23: Connected to Redis
2026/09/01 04:38:15 notification.go:35: ✅ FCM initialized
2026/09/01 04:38:15 google.go:46: Firebase initialized successfully
2026/09/01 04:38:15 main.go:139: Go API running on :8081
2026/09/01 04:53:59 hotel.go:190: Google login: email=dev.ayomide@gmail.com, member.HotelID=eeb9f3d4-d79a-4257-b1e2-095809e4c4be, hotel.Status=active
2026/09/01 05:16:28 hotel.go:190: Google login: email=dev.ayomide@gmail.com, member.HotelID=eeb9f3d4-d79a-4257-b1e2-095809e4c4be, hotel.Status=active
2026/09/01 09:46:14 hotel.go:190: Google login: email=dev.ayomide@gmail.com, member.HotelID=eeb9f3d4-d79a-4257-b1e2-095809e4c4be, hotel.Status=active
2026/09/01 11:13:20 logger.go:21: === API Started ===
2026/09/01 11:13:20 db.go:32: Database connected
2026/09/01 11:13:20 db.go:42: Migration done
2026/09/01 11:13:20 redis.go:23: Connected to Redis
2026/09/01 11:13:20 notification.go:35: ✅ FCM initialized
2026/09/01 11:13:20 google.go:46: Firebase initialized successfully
2026/09/01 11:13:20 main.go:139: Go API running on :8081
2026/09/01 11:13:48 logger.go:21: === API Started ===
2026/09/01 11:13:48 db.go:32: Database connected
2026/09/01 11:13:48 db.go:42: Migration done
2026/09/01 11:13:48 redis.go:23: Connected to Redis
2026/09/01 11:13:48 notification.go:35: ✅ FCM initialized
2026/09/01 11:13:48 google.go:46: Firebase initialized successfully
2026/09/01 11:13:48 main.go:139: Go API running on :8081
2026/09/01 11:14:34 logger.go:21: === API Started ===
2026/09/01 11:14:34 db.go:32: Database connected
2026/09/01 11:14:34 db.go:42: Migration done
2026/09/01 11:14:34 redis.go:23: Connected to Redis
2026/09/01 11:14:34 notification.go:35: ✅ FCM initialized
2026/09/01 11:14:34 google.go:46: Firebase initialized successfully
2026/09/01 11:14:34 main.go:139: Go API running on :8081
2026/09/01 11:19:20 logger.go:21: === API Started ===
2026/09/01 11:19:20 db.go:32: Database connected
2026/09/01 11:19:20 db.go:42: Migration done
2026/09/01 11:19:20 redis.go:23: Connected to Redis
2026/09/01 11:19:20 notification.go:35: ✅ FCM initialized
2026/09/01 11:19:20 google.go:46: Firebase initialized successfully
2026/09/01 11:19:20 main.go:139: Go API running on :8081
2026/09/01 11:23:25 logger.go:21: === API Started ===
2026/09/01 11:23:25 db.go:32: Database connected
2026/09/01 11:23:25 db.go:42: Migration done
2026/09/01 11:23:25 redis.go:23: Connected to Redis
2026/09/01 11:23:25 notification.go:35: ✅ FCM initialized
2026/09/01 11:23:25 google.go:46: Firebase initialized successfully
2026/09/01 11:23:25 main.go:139: Go API running on :8081
2026/09/01 11:24:12 logger.go:21: === API Started ===
2026/09/01 11:24:12 db.go:32: Database connected
2026/09/01 11:24:12 db.go:42: Migration done
2026/09/01 11:24:12 redis.go:23: Connected to Redis
2026/09/01 11:24:12 notification.go:35: ✅ FCM initialized
2026/09/01 11:24:12 google.go:46: Firebase initialized successfully
2026/09/01 11:24:12 main.go:139: Go API running on :8081
2026/09/01 11:24:27 logger.go:21: === API Started ===
2026/09/01 11:24:27 db.go:32: Database connected
2026/09/01 11:24:27 db.go:42: Migration done
2026/09/01 11:24:27 redis.go:23: Connected to Redis
2026/09/01 11:24:27 notification.go:39: ✅ FCM initialized
2026/09/01 11:24:27 google.go:46: Firebase initialized successfully
2026/09/01 11:24:27 main.go:139: Go API running on :8081
2026/09/01 11:35:30 logger.go:21: === API Started ===
2026/09/01 11:35:30 db.go:32: Database connected
2026/09/01 11:35:30 db.go:42: Migration done
2026/09/01 11:35:30 redis.go:23: Connected to Redis
2026/09/01 11:35:30 notification.go:39: ✅ FCM initialized
2026/09/01 11:35:30 google.go:46: Firebase initialized successfully
2026/09/01 11:35:30 main.go:139: Go API running on :8081
2026/09/01 11:35:45 logger.go:21: === API Started ===
2026/09/01 11:35:45 db.go:32: Database connected
2026/09/01 11:35:45 db.go:42: Migration done
2026/09/01 11:35:45 redis.go:23: Connected to Redis
2026/09/01 11:35:45 notification.go:39: ✅ FCM initialized
2026/09/01 11:35:45 google.go:46: Firebase initialized successfully
2026/09/01 11:35:45 main.go:139: Go API running on :8081
2026/09/01 11:36:54 email.go:93: OTP email sent to dev.ayomide@gmail.com
2026/09/01 11:48:48 notification.go:203: [NOTIFY] ⚠️ No device token for driver 
2026/09/01 11:52:42 notification.go:200: [NOTIFY] ✅ Push sent for booking #117, MessageID: projects/axis-dd584/messages/fa85a20d-fd2f-4611-98c7-5feb40e23599
2026/09/01 11:52:42 email.go:530: Scheduled ride notification sent to dev.ayomide@gmail.com
2026/09/01 11:52:42 notification.go:220: [NOTIFY] ✅ Email sent for booking #117 to dev.ayomide@gmail.com
2026/09/01 12:05:22 logger.go:21: === API Started ===
2026/09/01 12:05:22 db.go:32: Database connected
2026/09/01 12:05:22 db.go:42: Migration done
2026/09/01 12:05:22 redis.go:23: Connected to Redis
2026/09/01 12:05:22 notification.go:39: ✅ FCM initialized
2026/09/01 12:05:22 google.go:46: Firebase initialized successfully
2026/09/01 12:05:22 main.go:139: Go API running on :8081
2026/09/01 13:02:15 logger.go:21: === API Started ===
2026/09/01 13:02:15 db.go:32: Database connected
2026/09/01 13:02:15 db.go:42: Migration done
2026/09/01 13:02:15 redis.go:23: Connected to Redis
2026/09/01 13:02:15 notification.go:39: ✅ FCM initialized
2026/09/01 13:02:15 google.go:46: Firebase initialized successfully
2026/09/01 13:02:15 main.go:143: Go API running on :8081
2026/09/01 13:05:40 logger.go:21: === API Started ===
2026/09/01 13:05:40 db.go:32: Database connected
2026/09/01 13:05:40 db.go:42: Migration done
2026/09/01 13:05:40 redis.go:23: Connected to Redis
2026/09/01 13:05:40 notification.go:39: ✅ FCM initialized
2026/09/01 13:05:40 google.go:46: Firebase initialized successfully
2026/09/01 13:05:40 main.go:143: Go API running on :8081
2026/09/01 14:13:01 notification.go:198: [NOTIFY] ❌ Push failed for booking #118: The registration token is not a valid FCM registration token
2026/09/01 14:13:01 email.go:530: Scheduled ride notification sent to kofiache77@gmail.com
2026/09/01 14:13:01 notification.go:220: [NOTIFY] ✅ Email sent for booking #118 to kofiache77@gmail.com
2026/09/01 15:05:34 logger.go:21: === API Started ===
2026/09/01 15:05:34 db.go:32: Database connected
2026/09/01 15:05:34 db.go:42: Migration done
2026/09/01 15:05:34 redis.go:23: Connected to Redis
2026/09/01 15:05:34 notification.go:39: ✅ FCM initialized
2026/09/01 15:05:34 google.go:46: Firebase initialized successfully
2026/09/01 15:05:34 main.go:143: Go API running on :8081
2026/09/01 15:05:48 logger.go:21: === API Started ===
2026/09/01 15:05:48 db.go:32: Database connected
2026/09/01 15:05:48 db.go:42: Migration done
2026/09/01 15:05:48 redis.go:23: Connected to Redis
2026/09/01 15:05:48 notification.go:39: ✅ FCM initialized
2026/09/01 15:05:48 google.go:46: Firebase initialized successfully
2026/09/01 15:05:48 main.go:143: Go API running on :8081
2026/09/01 15:06:01 logger.go:21: === API Started ===
2026/09/01 15:06:01 db.go:32: Database connected
2026/09/01 15:06:01 db.go:42: Migration done
2026/09/01 15:06:01 redis.go:23: Connected to Redis
2026/09/01 15:06:01 notification.go:39: ✅ FCM initialized
2026/09/01 15:06:01 google.go:46: Firebase initialized successfully
2026/09/01 15:06:01 main.go:143: Go API running on :8081
2026/09/01 15:06:59 logger.go:21: === API Started ===
2026/09/01 15:06:59 db.go:32: Database connected
2026/09/01 15:06:59 db.go:42: Migration done
2026/09/01 15:06:59 redis.go:23: Connected to Redis
2026/09/01 15:06:59 notification.go:42: ✅ FCM initialized
2026/09/01 15:06:59 google.go:46: Firebase initialized successfully
2026/09/01 15:06:59 main.go:143: Go API running on :8081
2026/09/01 15:20:14 logger.go:21: === API Started ===
2026/09/01 15:20:14 db.go:32: Database connected
2026/09/01 15:20:14 db.go:42: Migration done
2026/09/01 15:20:14 redis.go:23: Connected to Redis
2026/09/01 15:20:14 notification.go:42: ✅ FCM initialized
2026/09/01 15:20:14 google.go:46: Firebase initialized successfully
2026/09/01 15:20:14 main.go:143: Go API running on :8081
2026/09/01 15:37:13 logger.go:21: === API Started ===
2026/09/01 15:37:13 db.go:32: Database connected
2026/09/01 15:37:13 db.go:42: Migration done
2026/09/01 15:37:13 redis.go:23: Connected to Redis
2026/09/01 15:37:13 notification.go:42: ✅ FCM initialized
2026/09/01 15:37:13 google.go:46: Firebase initialized successfully
2026/09/01 15:37:13 main.go:143: Go API running on :8081
2026/09/01 15:37:50 logger.go:21: === API Started ===
2026/09/01 15:37:50 db.go:32: Database connected
2026/09/01 15:37:50 db.go:42: Migration done
2026/09/01 15:37:50 redis.go:23: Connected to Redis
2026/09/01 15:37:50 notification.go:42: ✅ FCM initialized
2026/09/01 15:37:50 google.go:46: Firebase initialized successfully
2026/09/01 15:37:50 main.go:143: Go API running on :8081
2026/09/01 15:38:30 logger.go:21: === API Started ===
2026/09/01 15:38:30 db.go:32: Database connected
2026/09/01 15:38:30 db.go:42: Migration done
2026/09/01 15:38:30 redis.go:23: Connected to Redis
2026/09/01 15:38:30 notification.go:42: ✅ FCM initialized
2026/09/01 15:38:30 google.go:46: Firebase initialized successfully
2026/09/01 15:38:30 main.go:143: Go API running on :8081
2026/09/01 15:39:30 logger.go:21: === API Started ===
2026/09/01 15:39:30 db.go:32: Database connected
2026/09/01 15:39:30 db.go:42: Migration done
2026/09/01 15:39:30 redis.go:23: Connected to Redis
2026/09/01 15:39:30 notification.go:42: ✅ FCM initialized
2026/09/01 15:39:30 google.go:46: Firebase initialized successfully
2026/09/01 15:39:30 main.go:143: Go API running on :8081
2026/09/01 15:44:15 notification.go:177: [NOTIFY] ❌ Failed to create notification record: failed to create notification: Error 1146 (42S02): Table 'axis_dev.driver_notifications' doesn't exist
2026/09/01 15:44:15 notification.go:177: [NOTIFY] ❌ Failed to create notification record: failed to create notification: Error 1146 (42S02): Table 'axis_dev.driver_notifications' doesn't exist
2026/09/01 15:44:16 notification.go:235: [NOTIFY] ❌ Push failed for booking #119: The registration token is not a valid FCM registration token
2026/09/01 15:44:16 notification.go:235: [NOTIFY] ❌ Push failed for booking #119: The registration token is not a valid FCM registration token
2026/09/01 15:44:16 email.go:530: Scheduled ride notification sent to dev.ayomide+axis@gmail.com
2026/09/01 15:44:16 notification.go:257: [NOTIFY] ✅ Email sent for booking #119 to dev.ayomide+axis@gmail.com
2026/09/01 15:44:16 email.go:530: Scheduled ride notification sent to dev.ayomide+axis@gmail.com
2026/09/01 15:44:16 notification.go:257: [NOTIFY] ✅ Email sent for booking #119 to dev.ayomide+axis@gmail.com
2026/09/01 15:59:30 notification.go:177: [NOTIFY] ❌ Failed to create notification record: failed to create notification: Error 1146 (42S02): Table 'axis_dev.driver_notifications' doesn't exist
2026/09/01 15:59:30 notification.go:235: [NOTIFY] ❌ Push failed for booking #120: The registration token is not a valid FCM registration token
2026/09/01 15:59:30 email.go:530: Scheduled ride notification sent to kofiache77@gmail.com
2026/09/01 15:59:30 notification.go:257: [NOTIFY] ✅ Email sent for booking #120 to kofiache77@gmail.com
2026/09/01 16:02:35 notification.go:177: [NOTIFY] ❌ Failed to create notification record: failed to create notification: Error 1146 (42S02): Table 'axis_dev.driver_notifications' doesn't exist
2026/09/01 16:02:35 notification.go:177: [NOTIFY] ❌ Failed to create notification record: failed to create notification: Error 1146 (42S02): Table 'axis_dev.driver_notifications' doesn't exist
2026/09/01 16:02:35 notification.go:235: [NOTIFY] ❌ Push failed for booking #121: The registration token is not a valid FCM registration token
2026/09/01 16:02:35 notification.go:235: [NOTIFY] ❌ Push failed for booking #121: The registration token is not a valid FCM registration token
2026/09/01 16:02:35 email.go:530: Scheduled ride notification sent to kofiache77@gmail.com
2026/09/01 16:02:35 notification.go:257: [NOTIFY] ✅ Email sent for booking #121 to kofiache77@gmail.com
2026/09/01 16:02:35 email.go:530: Scheduled ride notification sent to kofiache77@gmail.com
2026/09/01 16:02:35 notification.go:257: [NOTIFY] ✅ Email sent for booking #121 to kofiache77@gmail.com
2026/09/01 16:18:44 notification.go:177: [NOTIFY] ❌ Failed to create notification record: failed to create notification: Error 1146 (42S02): Table 'axis_dev.driver_notifications' doesn't exist
2026/09/01 16:18:44 notification.go:177: [NOTIFY] ❌ Failed to create notification record: failed to create notification: Error 1146 (42S02): Table 'axis_dev.driver_notifications' doesn't exist
2026/09/01 16:18:44 notification.go:235: [NOTIFY] ❌ Push failed for booking #122: The registration token is not a valid FCM registration token
2026/09/01 16:18:44 notification.go:235: [NOTIFY] ❌ Push failed for booking #122: The registration token is not a valid FCM registration token
2026/09/01 16:18:45 email.go:530: Scheduled ride notification sent to dev.ayomide+axis@gmail.com
2026/09/01 16:18:45 notification.go:257: [NOTIFY] ✅ Email sent for booking #122 to dev.ayomide+axis@gmail.com
2026/09/01 16:18:45 email.go:530: Scheduled ride notification sent to dev.ayomide+axis@gmail.com
2026/09/01 16:18:45 notification.go:257: [NOTIFY] ✅ Email sent for booking #122 to dev.ayomide+axis@gmail.com
2026/09/01 16:21:53 logger.go:21: === API Started ===
2026/09/01 16:21:53 db.go:32: Database connected
2026/09/01 16:21:53 db.go:42: Migration done
2026/09/01 16:21:53 redis.go:23: Connected to Redis
2026/09/01 16:21:53 notification.go:42: ✅ FCM initialized
2026/09/01 16:21:53 google.go:46: Firebase initialized successfully
2026/09/01 16:21:53 main.go:143: Go API running on :8081
2026/09/01 16:25:35 logger.go:21: === API Started ===
2026/09/01 16:25:35 db.go:32: Database connected
2026/09/01 16:25:35 db.go:42: Migration done
2026/09/01 16:25:35 redis.go:23: Connected to Redis
2026/09/01 16:25:35 notification.go:42: ✅ FCM initialized
2026/09/01 16:25:35 google.go:46: Firebase initialized successfully
2026/09/01 16:25:35 main.go:143: Go API running on :8081
2026/09/01 16:31:38 logger.go:21: === API Started ===
2026/09/01 16:31:38 db.go:32: Database connected
2026/09/01 16:31:38 db.go:42: Migration done
2026/09/01 16:31:38 redis.go:23: Connected to Redis
2026/09/01 16:31:38 notification.go:42: ✅ FCM initialized
2026/09/01 16:31:38 google.go:46: Firebase initialized successfully
2026/09/01 16:31:38 main.go:143: Go API running on :8081
2026/09/01 16:36:54 notification.go:177: [NOTIFY] ❌ Failed to create notification record: failed to create notification: Error 1054 (42S22): Unknown column 'type' in 'field list'
2026/09/01 16:36:54 notification.go:237: [NOTIFY] ✅ Push sent for booking #123, MessageID: projects/axis-dd584/messages/c493603c-f673-4143-ae06-e2e25fd491f3
2026/09/01 16:36:54 email.go:530: Scheduled ride notification sent to dev.ayomide@gmail.com
2026/09/01 16:36:54 notification.go:257: [NOTIFY] ✅ Email sent for booking #123 to dev.ayomide@gmail.com
2026/09/01 16:37:49 logger.go:21: === API Started ===
2026/09/01 16:37:49 db.go:32: Database connected
2026/09/01 16:37:49 db.go:42: Migration done
2026/09/01 16:37:49 redis.go:23: Connected to Redis
2026/09/01 16:37:49 notification.go:42: ✅ FCM initialized
2026/09/01 16:37:49 google.go:46: Firebase initialized successfully
2026/09/01 16:37:49 main.go:143: Go API running on :8081
2026/09/01 16:40:10 logger.go:21: === API Started ===
2026/09/01 16:40:10 db.go:32: Database connected
2026/09/01 16:40:10 db.go:42: Migration done
2026/09/01 16:40:10 redis.go:23: Connected to Redis
2026/09/01 16:40:10 notification.go:42: ✅ FCM initialized
2026/09/01 16:40:10 google.go:46: Firebase initialized successfully
2026/09/01 16:40:10 main.go:143: Go API running on :8081
2026/09/01 16:50:26 logger.go:21: === API Started ===
2026/09/01 16:50:26 db.go:32: Database connected
2026/09/01 16:50:26 db.go:42: Migration done
2026/09/01 16:50:26 redis.go:23: Connected to Redis
2026/09/01 16:50:26 notification.go:42: ✅ FCM initialized
2026/09/01 16:50:26 google.go:46: Firebase initialized successfully
2026/09/01 16:50:26 main.go:143: Go API running on :8081
2026/09/01 16:54:43 notification.go:177: [NOTIFY] ❌ Failed to create notification record: failed to create notification: Error 1054 (42S22): Unknown column 'type' in 'field list'
2026/09/01 16:54:44 notification.go:237: [NOTIFY] ✅ Push sent for booking #124, MessageID: projects/axis-dd584/messages/fe86804d-0fd7-438c-893a-2e680e07ea27
2026/09/01 16:54:44 email.go:530: Scheduled ride notification sent to dev.ayomide@gmail.com
2026/09/01 16:54:44 notification.go:257: [NOTIFY] ✅ Email sent for booking #124 to dev.ayomide@gmail.com
2026/09/01 17:01:29 logger.go:21: === API Started ===
2026/09/01 17:01:29 db.go:32: Database connected
2026/09/01 17:01:29 db.go:42: Migration done
2026/09/01 17:01:29 redis.go:23: Connected to Redis
2026/09/01 17:01:29 notification.go:42: ✅ FCM initialized
2026/09/01 17:01:29 google.go:46: Firebase initialized successfully
2026/09/01 17:01:29 main.go:143: Go API running on :8081
2026/09/01 17:03:43 notification.go:179: [NOTIFY] ✅ Created notification record
2026/09/01 17:03:43 notification.go:237: [NOTIFY] ✅ Push sent for booking #125, MessageID: projects/axis-dd584/messages/1609998e-51c4-41fc-9deb-1e02a4087a41
2026/09/01 17:03:43 email.go:530: Scheduled ride notification sent to dev.ayomide@gmail.com
2026/09/01 17:03:43 notification.go:257: [NOTIFY] ✅ Email sent for booking #125 to dev.ayomide@gmail.com
2026/09/01 18:53:06 logger.go:21: === API Started ===
2026/09/01 18:53:06 db.go:32: Database connected
2026/09/01 18:53:06 db.go:42: Migration done
2026/09/01 18:53:06 redis.go:23: Connected to Redis
2026/09/01 18:53:06 notification.go:42: ✅ FCM initialized
2026/09/01 18:53:06 google.go:46: Firebase initialized successfully
2026/09/01 18:53:06 main.go:143: Go API running on :8081
2026/09/01 21:01:12 logger.go:21: === API Started ===
2026/09/01 21:01:12 db.go:32: Database connected
2026/09/01 21:01:12 db.go:42: Migration done
2026/09/01 21:01:12 redis.go:23: Connected to Redis
2026/09/01 21:01:12 notification.go:42: ✅ FCM initialized
2026/09/01 21:01:12 google.go:46: Firebase initialized successfully
2026/09/01 21:01:12 main.go:143: Go API running on :8081
2026/09/01 21:04:25 notification.go:179: [NOTIFY] ✅ Created notification record
2026/09/01 21:04:25 notification.go:235: [NOTIFY] ❌ Push failed for booking #126: NotRegistered
2026/09/01 21:04:25 email.go:530: Scheduled ride notification sent to tempmail@yahoo.com
2026/09/01 21:04:25 notification.go:257: [NOTIFY] ✅ Email sent for booking #126 to tempmail@yahoo.com
2026/09/01 21:06:34 notification.go:179: [NOTIFY] ✅ Created notification record
2026/09/01 21:06:34 notification.go:179: [NOTIFY] ✅ Created notification record
2026/09/01 21:06:34 notification.go:235: [NOTIFY] ❌ Push failed for booking #128: The registration token is not a valid FCM registration token
2026/09/01 21:06:34 notification.go:235: [NOTIFY] ❌ Push failed for booking #127: The registration token is not a valid FCM registration token
2026/09/01 21:06:35 email.go:530: Scheduled ride notification sent to dev.ayomide@gmail.com
2026/09/01 21:06:35 notification.go:257: [NOTIFY] ✅ Email sent for booking #127 to dev.ayomide@gmail.com
2026/09/01 21:06:35 email.go:530: Scheduled ride notification sent to dev.ayomide@gmail.com
2026/09/01 21:06:35 notification.go:257: [NOTIFY] ✅ Email sent for booking #128 to dev.ayomide@gmail.com
2026/09/01 21:19:58 notification.go:179: [NOTIFY] ✅ Created notification record
2026/09/01 21:19:58 notification.go:240: [NOTIFY] ⚠️ No device token for driver John
2026/09/01 21:19:58 email.go:530: Scheduled ride notification sent to tempmail@gmail.com
2026/09/01 21:19:58 notification.go:257: [NOTIFY] ✅ Email sent for booking #129 to tempmail@gmail.com
2026/09/02 13:14:04 notification.go:179: [NOTIFY] ✅ Created notification record
2026/09/02 13:14:04 notification.go:240: [NOTIFY] ⚠️ No device token for driver John
2026/09/02 13:14:05 email.go:530: Scheduled ride notification sent to tempmail@gmail.com
2026/09/02 13:14:05 notification.go:257: [NOTIFY] ✅ Email sent for booking #130 to tempmail@gmail.com
2026/09/02 13:16:22 notification.go:179: [NOTIFY] ✅ Created notification record
2026/09/02 13:16:22 notification.go:235: [NOTIFY] ❌ Push failed for booking #131: The registration token is not a valid FCM registration token
2026/09/02 13:16:22 email.go:530: Scheduled ride notification sent to dev.ayomide@gmail.com
2026/09/02 13:16:22 notification.go:257: [NOTIFY] ✅ Email sent for booking #131 to dev.ayomide@gmail.com
2026/09/02 13:31:29 hotel.go:190: Google login: email=dev.ayomide@gmail.com, member.HotelID=eeb9f3d4-d79a-4257-b1e2-095809e4c4be, hotel.Status=active
2026/09/02 13:36:45 logger.go:21: === API Started ===
2026/09/02 13:36:45 db.go:32: Database connected
2026/09/02 13:36:45 db.go:42: Migration done
2026/09/02 13:36:45 redis.go:23: Connected to Redis
2026/09/02 13:36:45 notification.go:42: ✅ FCM initialized
2026/09/02 13:36:45 google.go:46: Firebase initialized successfully
2026/09/02 13:36:45 main.go:143: Go API running on :8081
2026/09/02 13:37:09 logger.go:21: === API Started ===
2026/09/02 13:37:09 db.go:32: Database connected
2026/09/02 13:37:09 db.go:42: Migration done
2026/09/02 13:37:09 redis.go:23: Connected to Redis
2026/09/02 13:37:09 notification.go:42: ✅ FCM initialized
2026/09/02 13:37:09 google.go:46: Firebase initialized successfully
2026/09/02 13:37:09 main.go:143: Go API running on :8081
2026/09/02 18:51:44 hotel.go:190: Google login: email=dev.ayomide@gmail.com, member.HotelID=eeb9f3d4-d79a-4257-b1e2-095809e4c4be, hotel.Status=active
2026/09/03 13:10:30 logger.go:21: === API Started ===
2026/09/03 13:10:30 db.go:32: Database connected
2026/09/03 13:10:30 db.go:42: Migration done
2026/09/03 13:10:30 redis.go:23: Connected to Redis
2026/09/03 13:10:30 notification.go:42: ✅ FCM initialized
2026/09/03 13:10:30 google.go:46: Firebase initialized successfully
2026/09/03 13:10:30 main.go:143: Go API running on :8081
2026/09/03 13:24:55 logger.go:21: === API Started ===
2026/09/03 13:24:55 db.go:32: Database connected
2026/09/03 13:24:55 db.go:42: Migration done
2026/09/03 13:24:55 redis.go:23: Connected to Redis
2026/09/03 13:24:55 notification.go:42: ✅ FCM initialized
2026/09/03 13:24:55 google.go:46: Firebase initialized successfully
2026/09/03 13:24:55 main.go:143: Go API running on :8081
2026/09/03 13:26:48 logger.go:21: === API Started ===
2026/09/03 13:26:48 db.go:32: Database connected
2026/09/03 13:26:48 db.go:42: Migration done
2026/09/03 13:26:48 redis.go:23: Connected to Redis
2026/09/03 13:26:48 notification.go:42: ✅ FCM initialized
2026/09/03 13:26:48 google.go:46: Firebase initialized successfully
2026/09/03 13:26:48 main.go:143: Go API running on :8081
2026/09/03 13:26:56 notification.go:179: [NOTIFY] ✅ Created notification record
2026/09/03 13:26:56 notification.go:240: [NOTIFY] ⚠️ No device token for driver 
2026/09/03 13:39:31 logger.go:21: === API Started ===
2026/09/03 13:39:31 db.go:32: Database connected
2026/09/03 13:39:31 db.go:42: Migration done
2026/09/03 13:39:31 redis.go:23: Connected to Redis
2026/09/03 13:39:31 notification.go:42: ✅ FCM initialized
2026/09/03 13:39:31 google.go:46: Firebase initialized successfully
2026/09/03 13:39:31 main.go:143: Go API running on :8081
2026/09/03 13:48:40 notification.go:179: [NOTIFY] ✅ Created notification record
2026/09/03 13:48:40 notification.go:240: [NOTIFY] ⚠️ No device token for driver 
2026/09/03 13:53:30 logger.go:21: === API Started ===
2026/09/03 13:53:30 db.go:32: Database connected
2026/09/03 13:53:30 db.go:42: Migration done
2026/09/03 13:53:30 redis.go:23: Connected to Redis
2026/09/03 13:53:30 notification.go:42: ✅ FCM initialized
2026/09/03 13:53:30 google.go:46: Firebase initialized successfully
2026/09/03 13:53:30 main.go:143: Go API running on :8081
2026/09/03 13:55:16 logger.go:21: === API Started ===
2026/09/03 13:55:16 db.go:32: Database connected
2026/09/03 13:55:16 db.go:42: Migration done
2026/09/03 13:55:16 redis.go:23: Connected to Redis
2026/09/03 13:55:16 notification.go:42: ✅ FCM initialized
2026/09/03 13:55:16 google.go:46: Firebase initialized successfully
2026/09/03 13:55:16 main.go:143: Go API running on :8081
2026/09/03 13:56:24 logger.go:21: === API Started ===
2026/09/03 13:56:24 db.go:32: Database connected
2026/09/03 13:56:24 db.go:42: Migration done
2026/09/03 13:56:24 redis.go:23: Connected to Redis
2026/09/03 13:56:24 notification.go:42: ✅ FCM initialized
2026/09/03 13:56:24 google.go:46: Firebase initialized successfully
2026/09/03 13:56:24 main.go:143: Go API running on :8081
2026/09/03 14:14:23 logger.go:21: === API Started ===
2026/09/03 14:14:23 db.go:32: Database connected
2026/09/03 14:14:23 db.go:42: Migration done
2026/09/03 14:14:23 redis.go:23: Connected to Redis
2026/09/03 14:14:23 notification.go:42: ✅ FCM initialized
2026/09/03 14:14:23 google.go:46: Firebase initialized successfully
2026/09/03 14:14:23 main.go:143: Go API running on :8081
2026/09/03 14:24:40 notification.go:179: [NOTIFY] ✅ Created notification record
2026/09/03 14:24:40 notification.go:235: [NOTIFY] ❌ Push failed for booking #134: The registration token is not a valid FCM registration token
2026/09/03 14:24:40 email.go:526: Failed to send scheduled ride notification to moh@example.com: [ERROR]: Invalid `to` field. Please use our testing email address instead of domains like `example.com`. See our documentation for more information.
2026/09/03 14:24:40 notification.go:255: [NOTIFY] ❌ Email failed for booking #134: [ERROR]: Invalid `to` field. Please use our testing email address instead of domains like `example.com`. See our documentation for more information.
2026/09/03 15:17:19 logger.go:21: === API Started ===
2026/09/03 15:17:19 db.go:32: Database connected
2026/09/03 15:17:19 db.go:42: Migration done
2026/09/03 15:17:19 redis.go:23: Connected to Redis
2026/09/03 15:17:19 notification.go:42: ✅ FCM initialized
2026/09/03 15:17:19 google.go:46: Firebase initialized successfully
2026/09/03 15:17:19 main.go:143: Go API running on :8081
2026/09/03 15:17:38 logger.go:21: === API Started ===
2026/09/03 15:17:38 db.go:32: Database connected
2026/09/03 15:17:38 db.go:42: Migration done
2026/09/03 15:17:38 redis.go:23: Connected to Redis
2026/09/03 15:17:38 notification.go:42: ✅ FCM initialized
2026/09/03 15:17:38 google.go:46: Firebase initialized successfully
2026/09/03 15:17:38 main.go:143: Go API running on :8081
2026/09/03 15:17:57 logger.go:21: === API Started ===
2026/09/03 15:17:57 db.go:32: Database connected
2026/09/03 15:17:57 db.go:42: Migration done
2026/09/03 15:17:57 redis.go:23: Connected to Redis
2026/09/03 15:17:57 notification.go:42: ✅ FCM initialized
2026/09/03 15:17:57 google.go:46: Firebase initialized successfully
2026/09/03 15:17:57 main.go:143: Go API running on :8081
2026/09/03 15:18:33 logger.go:21: === API Started ===
2026/09/03 15:18:33 db.go:32: Database connected
2026/09/03 15:18:33 db.go:42: Migration done
2026/09/03 15:18:33 redis.go:23: Connected to Redis
2026/09/03 15:18:33 notification.go:42: ✅ FCM initialized
2026/09/03 15:18:33 google.go:46: Firebase initialized successfully
2026/09/03 15:18:33 main.go:143: Go API running on :8081
2026/09/03 15:18:57 logger.go:21: === API Started ===
2026/09/03 15:18:57 db.go:32: Database connected
2026/09/03 15:18:57 db.go:42: Migration done
2026/09/03 15:18:57 redis.go:23: Connected to Redis
2026/09/03 15:18:57 notification.go:42: ✅ FCM initialized
2026/09/03 15:18:57 google.go:46: Firebase initialized successfully
2026/09/03 15:18:57 main.go:143: Go API running on :8081
2026/09/03 15:19:21 booking.go:1384: INFO Driver id: !BADKEY=8ffc08b2-91a5-11f1-b287-06db06437209
2026/09/03 15:19:21 booking.go:1385: INFO Driver Details: !BADKEY="{ID: FirstName: LastName: Phone: Email: Avatar:}"
2026/09/03 15:19:21 booking.go:1466: INFO Driver Details: !BADKEY=map[]
2026/09/03 15:21:56 logger.go:21: === API Started ===
2026/09/03 15:21:56 db.go:32: Database connected
2026/09/03 15:21:56 db.go:42: Migration done
2026/09/03 15:21:56 redis.go:23: Connected to Redis
2026/09/03 15:21:56 notification.go:42: ✅ FCM initialized
2026/09/03 15:21:56 google.go:46: Firebase initialized successfully
2026/09/03 15:21:56 main.go:143: Go API running on :8081
2026/09/03 15:23:50 logger.go:21: === API Started ===
2026/09/03 15:23:50 db.go:32: Database connected
2026/09/03 15:23:50 db.go:42: Migration done
2026/09/03 15:23:50 redis.go:23: Connected to Redis
2026/09/03 15:23:50 notification.go:42: ✅ FCM initialized
2026/09/03 15:23:50 google.go:46: Firebase initialized successfully
2026/09/03 15:23:50 main.go:143: Go API running on :8081
2026/09/03 15:24:10 logger.go:21: === API Started ===
2026/09/03 15:24:10 db.go:32: Database connected
2026/09/03 15:24:10 db.go:42: Migration done
2026/09/03 15:24:10 redis.go:23: Connected to Redis
2026/09/03 15:24:10 notification.go:42: ✅ FCM initialized
2026/09/03 15:24:10 google.go:46: Firebase initialized successfully
2026/09/03 15:24:10 main.go:143: Go API running on :8081
2026/09/03 15:24:18 booking.go:1398: ERROR Failed to fetch driver error="Error 1054 (42S22): Unknown column 'avatar' in 'field list'" driver_id=8ffc08b2-91a5-11f1-b287-06db06437209
2026/09/03 15:24:18 booking.go:1505: INFO Driver Details: !BADKEY=map[]
2026/09/03 15:24:18 booking.go:1398: ERROR Failed to fetch driver error="Error 1054 (42S22): Unknown column 'avatar' in 'field list'" driver_id=8ffc08b2-91a5-11f1-b287-06db06437209
2026/09/03 15:24:18 booking.go:1505: INFO Driver Details: !BADKEY=map[]
2026/09/03 15:27:54 logger.go:21: === API Started ===
2026/09/03 15:27:54 db.go:32: Database connected
2026/09/03 15:27:54 db.go:42: Migration done
2026/09/03 15:27:54 redis.go:23: Connected to Redis
2026/09/03 15:27:54 notification.go:42: ✅ FCM initialized
2026/09/03 15:27:54 google.go:46: Firebase initialized successfully
2026/09/03 15:27:54 main.go:143: Go API running on :8081
2026/09/03 15:28:40 logger.go:21: === API Started ===
2026/09/03 15:28:40 db.go:32: Database connected
2026/09/03 15:28:40 db.go:42: Migration done
2026/09/03 15:28:40 redis.go:23: Connected to Redis
2026/09/03 15:28:40 notification.go:42: ✅ FCM initialized
2026/09/03 15:28:40 google.go:46: Firebase initialized successfully
2026/09/03 15:28:40 main.go:143: Go API running on :8081
2026/09/03 15:28:52 booking.go:1396: INFO Driver found driver="{ID:8ffc08b2-91a5-11f1-b287-06db06437209 FirstName:Moh LastName:Mdee Phone:550880112 Email:moh@example.com AvatarURL:}"
2026/09/03 15:28:52 booking.go:1494: INFO Driver Details: !BADKEY="map[avatar_url: email:moh@example.com first_name:Moh id:8ffc08b2-91a5-11f1-b287-06db06437209 last_name:Mdee phone:550880112 vehicle:map[car_make:Kia car_model:Sorento color:Black image_url: plate_number:GT-332-22 year:2008]]"
2026/09/03 15:28:52 booking.go:1396: INFO Driver found driver="{ID:8ffc08b2-91a5-11f1-b287-06db06437209 FirstName:Moh LastName:Mdee Phone:550880112 Email:moh@example.com AvatarURL:}"
2026/09/03 15:28:52 booking.go:1494: INFO Driver Details: !BADKEY="map[avatar_url: email:moh@example.com first_name:Moh id:8ffc08b2-91a5-11f1-b287-06db06437209 last_name:Mdee phone:550880112 vehicle:map[car_make:Kia car_model:Sorento color:Black image_url: plate_number:GT-332-22 year:2008]]"
2026/09/03 15:44:24 booking.go:1494: INFO Driver Details: !BADKEY=map[]
2026/09/03 15:44:24 booking.go:1396: INFO Driver found driver="{ID:8ffc08b2-91a5-11f1-b287-06db06437209 FirstName:Moh LastName:Mdee Phone:550880112 Email:moh@example.com AvatarURL:}"
2026/09/03 15:44:24 booking.go:1494: INFO Driver Details: !BADKEY="map[avatar_url: email:moh@example.com first_name:Moh id:8ffc08b2-91a5-11f1-b287-06db06437209 last_name:Mdee phone:550880112 vehicle:map[car_make:Kia car_model:Sorento color:Black image_url: plate_number:GT-332-22 year:2008]]"
2026/09/03 15:44:24 booking.go:1396: INFO Driver found driver="{ID:8ffc08b2-91a5-11f1-b287-06db06437209 FirstName:Moh LastName:Mdee Phone:550880112 Email:moh@example.com AvatarURL:}"
2026/09/03 15:44:24 booking.go:1494: INFO Driver Details: !BADKEY="map[avatar_url: email:moh@example.com first_name:Moh id:8ffc08b2-91a5-11f1-b287-06db06437209 last_name:Mdee phone:550880112 vehicle:map[car_make:Kia car_model:Sorento color:Black image_url: plate_number:GT-332-22 year:2008]]"
2026/09/03 15:49:08 booking.go:1494: INFO Driver Details: !BADKEY=map[]
2026/09/03 15:49:39 booking.go:1494: INFO Driver Details: !BADKEY=map[]
2026/09/03 15:49:39 booking.go:1494: INFO Driver Details: !BADKEY=map[]
2026/09/03 16:02:41 hotel.go:190: Google login: email=dev.ayomide@gmail.com, member.HotelID=eeb9f3d4-d79a-4257-b1e2-095809e4c4be, hotel.Status=active
2026/09/03 16:16:57 booking.go:1396: INFO Driver found driver="{ID:8ffc08b2-91a5-11f1-b287-06db06437209 FirstName:Moh LastName:Mdee Phone:550880112 Email:moh@example.com AvatarURL:}"
2026/09/03 16:16:57 booking.go:1494: INFO Driver Details: !BADKEY="map[avatar_url: email:moh@example.com first_name:Moh id:8ffc08b2-91a5-11f1-b287-06db06437209 last_name:Mdee phone:550880112 vehicle:map[car_make:Kia car_model:Sorento color:Black image_url: plate_number:GT-332-22 year:2008]]"
2026/09/03 16:16:57 booking.go:1396: INFO Driver found driver="{ID:8ffc08b2-91a5-11f1-b287-06db06437209 FirstName:Moh LastName:Mdee Phone:550880112 Email:moh@example.com AvatarURL:}"
2026/09/03 16:16:57 booking.go:1494: INFO Driver Details: !BADKEY="map[avatar_url: email:moh@example.com first_name:Moh id:8ffc08b2-91a5-11f1-b287-06db06437209 last_name:Mdee phone:550880112 vehicle:map[car_make:Kia car_model:Sorento color:Black image_url: plate_number:GT-332-22 year:2008]]"
2026/09/03 16:18:24 booking.go:1494: INFO Driver Details: !BADKEY=map[]
2026/09/03 16:18:24 booking.go:1494: INFO Driver Details: !BADKEY=map[]
2026/09/03 16:18:28 booking.go:1494: INFO Driver Details: !BADKEY=map[]
2026/09/03 16:18:28 booking.go:1494: INFO Driver Details: !BADKEY=map[]
2026/09/03 16:20:54 booking.go:1396: INFO Driver found driver="{ID:8ffc08b2-91a5-11f1-b287-06db06437209 FirstName:Moh LastName:Mdee Phone:550880112 Email:moh@example.com AvatarURL:}"
2026/09/03 16:20:54 booking.go:1494: INFO Driver Details: !BADKEY="map[avatar_url: email:moh@example.com first_name:Moh id:8ffc08b2-91a5-11f1-b287-06db06437209 last_name:Mdee phone:550880112 vehicle:map[car_make:Kia car_model:Sorento color:Black image_url: plate_number:GT-332-22 year:2008]]"
2026/09/03 16:20:54 booking.go:1494: INFO Driver Details: !BADKEY=map[]
2026/09/03 16:20:54 booking.go:1494: INFO Driver Details: !BADKEY=map[]
2026/09/03 16:20:54 booking.go:1396: INFO Driver found driver="{ID:8ffc08b2-91a5-11f1-b287-06db06437209 FirstName:Moh LastName:Mdee Phone:550880112 Email:moh@example.com AvatarURL:}"
2026/09/03 16:20:54 booking.go:1494: INFO Driver Details: !BADKEY="map[avatar_url: email:moh@example.com first_name:Moh id:8ffc08b2-91a5-11f1-b287-06db06437209 last_name:Mdee phone:550880112 vehicle:map[car_make:Kia car_model:Sorento color:Black image_url: plate_number:GT-332-22 year:2008]]"
2026/09/03 16:26:24 logger.go:21: === API Started ===
2026/09/03 16:26:24 db.go:32: Database connected
2026/09/03 16:26:24 db.go:42: Migration done
2026/09/03 16:26:24 redis.go:23: Connected to Redis
2026/09/03 16:26:24 notification.go:42: ✅ FCM initialized
2026/09/03 16:26:24 google.go:46: Firebase initialized successfully
2026/09/03 16:26:24 main.go:143: Go API running on :8081
2026/09/03 16:36:20 booking.go:1396: INFO Driver found driver="{ID:b827711c-918c-11f1-b287-06db06437209 FirstName:Kwame LastName:Test Phone:550880117 Email:testdriver@example.com AvatarURL:}"
2026/09/03 16:36:20 booking.go:1494: INFO Driver Details: !BADKEY="map[avatar_url: email:testdriver@example.com first_name:Kwame id:b827711c-918c-11f1-b287-06db06437209 last_name:Test phone:550880117 vehicle:map[car_make:Toyota car_model:Corolla color:Black image_url: plate_number:GT-1234-22 year:2022]]"
2026/09/03 16:36:23 booking.go:1396: INFO Driver found driver="{ID:b827711c-918c-11f1-b287-06db06437209 FirstName:Kwame LastName:Test Phone:550880117 Email:testdriver@example.com AvatarURL:}"
2026/09/03 16:36:23 booking.go:1494: INFO Driver Details: !BADKEY="map[avatar_url: email:testdriver@example.com first_name:Kwame id:b827711c-918c-11f1-b287-06db06437209 last_name:Test phone:550880117 vehicle:map[car_make:Toyota car_model:Corolla color:Black image_url: plate_number:GT-1234-22 year:2022]]"
2026/09/03 16:36:23 booking.go:1396: INFO Driver found driver="{ID:b827711c-918c-11f1-b287-06db06437209 FirstName:Kwame LastName:Test Phone:550880117 Email:testdriver@example.com AvatarURL:}"
2026/09/03 16:36:23 booking.go:1494: INFO Driver Details: !BADKEY="map[avatar_url: email:testdriver@example.com first_name:Kwame id:b827711c-918c-11f1-b287-06db06437209 last_name:Test phone:550880117 vehicle:map[car_make:Toyota car_model:Corolla color:Black image_url: plate_number:GT-1234-22 year:2022]]"
2026/09/03 16:36:23 notification.go:179: [NOTIFY] ✅ Created notification record
2026/09/03 16:36:23 notification.go:179: [NOTIFY] ✅ Created notification record
2026/09/03 16:36:23 notification.go:235: [NOTIFY] ❌ Push failed for booking #136: SenderId mismatch
2026/09/03 16:36:23 notification.go:235: [NOTIFY] ❌ Push failed for booking #135: SenderId mismatch
2026/09/03 16:36:24 email.go:526: Failed to send scheduled ride notification to testdriver@example.com: [ERROR]: Invalid `to` field. Please use our testing email address instead of domains like `example.com`. See our documentation for more information.
2026/09/03 16:36:24 notification.go:255: [NOTIFY] ❌ Email failed for booking #136: [ERROR]: Invalid `to` field. Please use our testing email address instead of domains like `example.com`. See our documentation for more information.
2026/09/03 16:36:24 email.go:526: Failed to send scheduled ride notification to testdriver@example.com: [ERROR]: Invalid `to` field. Please use our testing email address instead of domains like `example.com`. See our documentation for more information.
2026/09/03 16:36:24 notification.go:255: [NOTIFY] ❌ Email failed for booking #135: [ERROR]: Invalid `to` field. Please use our testing email address instead of domains like `example.com`. See our documentation for more information.
2026/09/03 16:36:30 booking.go:1396: INFO Driver found driver="{ID:b827711c-918c-11f1-b287-06db06437209 FirstName:Kwame LastName:Test Phone:550880117 Email:testdriver@example.com AvatarURL:}"
2026/09/03 16:36:30 booking.go:1494: INFO Driver Details: !BADKEY="map[avatar_url: email:testdriver@example.com first_name:Kwame id:b827711c-918c-11f1-b287-06db06437209 last_name:Test phone:550880117 vehicle:map[car_make:Toyota car_model:Corolla color:Black image_url: plate_number:GT-1234-22 year:2022]]"
2026/09/03 16:36:30 booking.go:1396: INFO Driver found driver="{ID:b827711c-918c-11f1-b287-06db06437209 FirstName:Kwame LastName:Test Phone:550880117 Email:testdriver@example.com AvatarURL:}"
2026/09/03 16:36:30 booking.go:1494: INFO Driver Details: !BADKEY="map[avatar_url: email:testdriver@example.com first_name:Kwame id:b827711c-918c-11f1-b287-06db06437209 last_name:Test phone:550880117 vehicle:map[car_make:Toyota car_model:Corolla color:Black image_url: plate_number:GT-1234-22 year:2022]]"
2026/09/03 16:36:30 booking.go:1396: INFO Driver found driver="{ID:b827711c-918c-11f1-b287-06db06437209 FirstName:Kwame LastName:Test Phone:550880117 Email:testdriver@example.com AvatarURL:}"
2026/09/03 16:36:30 booking.go:1494: INFO Driver Details: !BADKEY="map[avatar_url: email:testdriver@example.com first_name:Kwame id:b827711c-918c-11f1-b287-06db06437209 last_name:Test phone:550880117 vehicle:map[car_make:Toyota car_model:Corolla color:Black image_url: plate_number:GT-1234-22 year:2022]]"
2026/09/03 16:36:30 booking.go:1396: INFO Driver found driver="{ID:b827711c-918c-11f1-b287-06db06437209 FirstName:Kwame LastName:Test Phone:550880117 Email:testdriver@example.com AvatarURL:}"
2026/09/03 16:36:30 booking.go:1494: INFO Driver Details: !BADKEY="map[avatar_url: email:testdriver@example.com first_name:Kwame id:b827711c-918c-11f1-b287-06db06437209 last_name:Test phone:550880117 vehicle:map[car_make:Toyota car_model:Corolla color:Black image_url: plate_number:GT-1234-22 year:2022]]"
2026/09/03 16:36:30 booking.go:1396: INFO Driver found driver="{ID:b827711c-918c-11f1-b287-06db06437209 FirstName:Kwame LastName:Test Phone:550880117 Email:testdriver@example.com AvatarURL:}"
2026/09/03 16:36:30 booking.go:1494: INFO Driver Details: !BADKEY="map[avatar_url: email:testdriver@example.com first_name:Kwame id:b827711c-918c-11f1-b287-06db06437209 last_name:Test phone:550880117 vehicle:map[car_make:Toyota car_model:Corolla color:Black image_url: plate_number:GT-1234-22 year:2022]]"
2026/09/03 16:36:30 booking.go:1396: INFO Driver found driver="{ID:b827711c-918c-11f1-b287-06db06437209 FirstName:Kwame LastName:Test Phone:550880117 Email:testdriver@example.com AvatarURL:}"
2026/09/03 16:36:30 booking.go:1494: INFO Driver Details: !BADKEY="map[avatar_url: email:testdriver@example.com first_name:Kwame id:b827711c-918c-11f1-b287-06db06437209 last_name:Test phone:550880117 vehicle:map[car_make:Toyota car_model:Corolla color:Black image_url: plate_number:GT-1234-22 year:2022]]"
2026/09/03 16:43:10 logger.go:21: === API Started ===
2026/09/03 16:43:10 db.go:32: Database connected
2026/09/03 16:43:10 db.go:42: Migration done
2026/09/03 16:43:10 redis.go:23: Connected to Redis
2026/09/03 16:43:10 notification.go:42: ✅ FCM initialized
2026/09/03 16:43:10 google.go:46: Firebase initialized successfully
2026/09/03 16:43:10 main.go:143: Go API running on :8081
2026/09/03 16:45:14 logger.go:21: === API Started ===
2026/09/03 16:45:14 db.go:32: Database connected
2026/09/03 16:45:14 db.go:42: Migration done
2026/09/03 16:45:14 redis.go:23: Connected to Redis
2026/09/03 16:45:14 notification.go:42: ✅ FCM initialized
2026/09/03 16:45:14 google.go:46: Firebase initialized successfully
2026/09/03 16:45:14 main.go:143: Go API running on :8081
2026/09/03 17:05:54 logger.go:21: === API Started ===
2026/09/03 17:05:54 db.go:32: Database connected
2026/09/03 17:05:54 db.go:42: Migration done
2026/09/03 17:05:54 redis.go:23: Connected to Redis
2026/09/03 17:05:54 notification.go:42: ✅ FCM initialized
2026/09/03 17:05:54 google.go:46: Firebase initialized successfully
2026/09/03 17:05:54 main.go:143: Go API running on :8081
2026/09/03 17:09:03 logger.go:21: === API Started ===
2026/09/03 17:09:03 db.go:32: Database connected
2026/09/03 17:09:03 db.go:42: Migration done
2026/09/03 17:09:03 redis.go:23: Connected to Redis
2026/09/03 17:09:03 notification.go:42: ✅ FCM initialized
2026/09/03 17:09:03 google.go:46: Firebase initialized successfully
2026/09/03 17:09:03 main.go:143: Go API running on :8081
2026/09/03 17:09:52 booking.go:1544: INFO Driver found driver="{ID:4ea03389-89b5-11f1-bc75-06db06437209 FirstName:Ayomide LastName:Oloyede Phone:550880119 Email:dev.ayomide@gmail.com AvatarURL:https://pub-daac3eb7fee34fb0a080788f413304b1.r2.dev/avatar_axis.png}"
2026/09/03 17:10:13 booking.go:1544: INFO Driver found driver="{ID:b827711c-918c-11f1-b287-06db06437209 FirstName:Kwame LastName:Test Phone:550880117 Email:testdriver@example.com AvatarURL:}"
2026/09/03 17:10:18 booking.go:1544: INFO Driver found driver="{ID:b827711c-918c-11f1-b287-06db06437209 FirstName:Kwame LastName:Test Phone:550880117 Email:testdriver@example.com AvatarURL:}"
2026/09/03 17:10:20 booking.go:1544: INFO Driver found driver="{ID:b827711c-918c-11f1-b287-06db06437209 FirstName:Kwame LastName:Test Phone:550880117 Email:testdriver@example.com AvatarURL:}"
2026/09/03 17:10:21 booking.go:1544: INFO Driver found driver="{ID:b827711c-918c-11f1-b287-06db06437209 FirstName:Kwame LastName:Test Phone:550880117 Email:testdriver@example.com AvatarURL:}"
2026/09/03 17:10:22 booking.go:1544: INFO Driver found driver="{ID:b827711c-918c-11f1-b287-06db06437209 FirstName:Kwame LastName:Test Phone:550880117 Email:testdriver@example.com AvatarURL:}"
2026/09/03 17:10:23 booking.go:1544: INFO Driver found driver="{ID:b827711c-918c-11f1-b287-06db06437209 FirstName:Kwame LastName:Test Phone:550880117 Email:testdriver@example.com AvatarURL:}"
2026/09/03 17:23:29 logger.go:21: === API Started ===
2026/09/03 17:23:29 db.go:32: Database connected
2026/09/03 17:23:29 db.go:42: Migration done
2026/09/03 17:23:29 redis.go:23: Connected to Redis
2026/09/03 17:23:29 notification.go:42: ✅ FCM initialized
2026/09/03 17:23:29 google.go:46: Firebase initialized successfully
2026/09/03 17:23:29 main.go:143: Go API running on :8081
2026/09/03 17:25:58 booking.go:1566: INFO Driver found driver="{ID:b827711c-918c-11f1-b287-06db06437209 FirstName:Kwame LastName:Test Phone:550880117 Email:testdriver@example.com AvatarURL:}"
2026/09/03 17:31:12 logger.go:21: === API Started ===
2026/09/03 17:31:12 db.go:32: Database connected
2026/09/03 17:31:12 db.go:42: Migration done
2026/09/03 17:31:12 redis.go:23: Connected to Redis
2026/09/03 17:31:12 notification.go:42: ✅ FCM initialized
2026/09/03 17:31:12 google.go:46: Firebase initialized successfully
2026/09/03 17:31:12 main.go:143: Go API running on :8081
2026/09/03 17:31:58 booking.go:1566: INFO Driver found driver="{ID:b827711c-918c-11f1-b287-06db06437209 FirstName:Kwame LastName:Test Phone:550880117 Email:testdriver@example.com AvatarURL:}"
2026/09/03 17:33:51 booking.go:1566: INFO Driver found driver="{ID:b827711c-918c-11f1-b287-06db06437209 FirstName:Kwame LastName:Test Phone:550880117 Email:testdriver@example.com AvatarURL:}"
2026/09/03 17:37:36 logger.go:21: === API Started ===
2026/09/03 17:37:36 db.go:32: Database connected
2026/09/03 17:37:36 db.go:42: Migration done
2026/09/03 17:37:36 redis.go:23: Connected to Redis
2026/09/03 17:37:36 notification.go:42: ✅ FCM initialized
2026/09/03 17:37:36 google.go:46: Firebase initialized successfully
2026/09/03 17:37:36 main.go:143: Go API running on :8081
2026/09/03 19:31:23 booking.go:1566: INFO Driver found driver="{ID:b827711c-918c-11f1-b287-06db06437209 FirstName:Kwame LastName:Test Phone:550880117 Email:testdriver@example.com AvatarURL:}"
2026/09/03 20:24:07 logger.go:21: === API Started ===
2026/09/03 20:24:07 db.go:32: Database connected
2026/09/03 20:24:07 db.go:42: Migration done
2026/09/03 20:24:07 redis.go:23: Connected to Redis
2026/09/03 20:24:07 notification.go:42: ✅ FCM initialized
2026/09/03 20:24:07 google.go:46: Firebase initialized successfully
2026/09/03 20:24:07 main.go:143: Go API running on :8081
2026/09/03 20:26:37 logger.go:21: === API Started ===
2026/09/03 20:26:37 db.go:32: Database connected
2026/09/03 20:26:37 db.go:42: Migration done
2026/09/03 20:26:37 redis.go:23: Connected to Redis
2026/09/03 20:26:37 notification.go:42: ✅ FCM initialized
2026/09/03 20:26:37 google.go:46: Firebase initialized successfully
2026/09/03 20:26:37 main.go:146: Go API running on :8081
2026/09/03 20:34:18 logger.go:21: === API Started ===
2026/09/03 20:34:18 db.go:32: Database connected
2026/09/03 20:34:18 db.go:42: Migration done
2026/09/03 20:34:18 redis.go:23: Connected to Redis
2026/09/03 20:34:18 notification.go:42: ✅ FCM initialized
2026/09/03 20:34:18 google.go:46: Firebase initialized successfully
2026/09/03 20:34:18 main.go:149: Go API running on :8081
2026/09/03 20:39:57 email.go:698: Partner payment link sent to dev.ayomide@gmail.com
2026/09/03 20:44:21 booking.go:1570: INFO Driver found driver="{ID:8ffc08b2-91a5-11f1-b287-06db06437209 FirstName:Moh LastName:Mdee Phone:550880112 Email:moh@example.com AvatarURL:}"
2026/09/03 20:44:21 booking.go:1570: INFO Driver found driver="{ID:8ffc08b2-91a5-11f1-b287-06db06437209 FirstName:Moh LastName:Mdee Phone:550880112 Email:moh@example.com AvatarURL:}"
2026/09/03 20:44:21 notification.go:179: [NOTIFY] ✅ Created notification record
2026/09/03 20:44:21 notification.go:235: [NOTIFY] ❌ Push failed for booking #137: The registration token is not a valid FCM registration token
2026/09/03 20:44:21 email.go:526: Failed to send scheduled ride notification to moh@example.com: [ERROR]: Invalid `to` field. Please use our testing email address instead of domains like `example.com`. See our documentation for more information.
2026/09/03 20:44:21 notification.go:255: [NOTIFY] ❌ Email failed for booking #137: [ERROR]: Invalid `to` field. Please use our testing email address instead of domains like `example.com`. See our documentation for more information.
2026/09/03 20:57:49 logger.go:21: === API Started ===
2026/09/03 20:57:49 db.go:32: Database connected
2026/09/03 20:57:49 db.go:42: Migration done
2026/09/03 20:57:49 redis.go:23: Connected to Redis
2026/09/03 20:57:49 notification.go:42: ✅ FCM initialized
2026/09/03 20:57:49 google.go:46: Firebase initialized successfully
2026/09/03 20:57:49 main.go:149: Go API running on :8081
2026/09/03 20:59:56 logger.go:21: === API Started ===
2026/09/03 20:59:56 db.go:32: Database connected
2026/09/03 20:59:56 db.go:42: Migration done
2026/09/03 20:59:56 redis.go:23: Connected to Redis
2026/09/03 20:59:56 notification.go:42: ✅ FCM initialized
2026/09/03 20:59:56 google.go:46: Firebase initialized successfully
2026/09/03 20:59:56 main.go:148: Go API running on :8081
2026/09/03 21:04:20 email.go:698: Partner payment link sent to dev.ayomide@gmail.com
2026/09/03 21:05:15 booking.go:1570: INFO Driver found driver="{ID:b827711c-918c-11f1-b287-06db06437209 FirstName:Kwame LastName:Test Phone:550880117 Email:testdriver@example.com AvatarURL:}"
2026/09/03 21:05:19 booking.go:1570: INFO Driver found driver="{ID:b827711c-918c-11f1-b287-06db06437209 FirstName:Kwame LastName:Test Phone:550880117 Email:testdriver@example.com AvatarURL:}"
2026/09/03 21:05:19 booking.go:1570: INFO Driver found driver="{ID:b827711c-918c-11f1-b287-06db06437209 FirstName:Kwame LastName:Test Phone:550880117 Email:testdriver@example.com AvatarURL:}"
2026/09/03 21:05:19 notification.go:179: [NOTIFY] ✅ Created notification record
2026/09/03 21:05:19 notification.go:235: [NOTIFY] ❌ Push failed for booking #138: SenderId mismatch
2026/09/03 21:05:19 email.go:526: Failed to send scheduled ride notification to testdriver@example.com: [ERROR]: Invalid `to` field. Please use our testing email address instead of domains like `example.com`. See our documentation for more information.
2026/09/03 21:05:19 notification.go:255: [NOTIFY] ❌ Email failed for booking #138: [ERROR]: Invalid `to` field. Please use our testing email address instead of domains like `example.com`. See our documentation for more information.
2026/09/03 21:05:30 booking.go:1570: INFO Driver found driver="{ID:b827711c-918c-11f1-b287-06db06437209 FirstName:Kwame LastName:Test Phone:550880117 Email:testdriver@example.com AvatarURL:}"
2026/09/03 21:05:45 booking.go:1570: INFO Driver found driver="{ID:b827711c-918c-11f1-b287-06db06437209 FirstName:Kwame LastName:Test Phone:550880117 Email:testdriver@example.com AvatarURL:}"
2026/09/03 21:11:29 logger.go:21: === API Started ===
2026/09/03 21:11:29 db.go:32: Database connected
2026/09/03 21:11:29 db.go:42: Migration done
2026/09/03 21:11:29 redis.go:23: Connected to Redis
2026/09/03 21:11:29 notification.go:42: ✅ FCM initialized
2026/09/03 21:11:29 google.go:46: Firebase initialized successfully
2026/09/03 21:11:29 main.go:148: Go API running on :8081
2026/09/03 21:13:08 logger.go:21: === API Started ===
2026/09/03 21:13:08 db.go:32: Database connected
2026/09/03 21:13:08 db.go:42: Migration done
2026/09/03 21:13:08 redis.go:23: Connected to Redis
2026/09/03 21:13:08 notification.go:42: ✅ FCM initialized
2026/09/03 21:13:08 google.go:46: Firebase initialized successfully
2026/09/03 21:13:08 main.go:148: Go API running on :8081
2026/09/03 21:15:20 logger.go:21: === API Started ===
2026/09/03 21:15:20 db.go:32: Database connected
2026/09/03 21:15:20 db.go:42: Migration done
2026/09/03 21:15:20 redis.go:23: Connected to Redis
2026/09/03 21:15:20 notification.go:42: ✅ FCM initialized
2026/09/03 21:15:20 google.go:46: Firebase initialized successfully
2026/09/03 21:15:20 main.go:148: Go API running on :8081
2026/09/03 21:23:34 logger.go:21: === API Started ===
2026/09/03 21:23:34 db.go:32: Database connected
2026/09/03 21:23:34 db.go:42: Migration done
2026/09/03 21:23:34 redis.go:23: Connected to Redis
2026/09/03 21:23:34 notification.go:42: ✅ FCM initialized
2026/09/03 21:23:34 google.go:46: Firebase initialized successfully
2026/09/03 21:23:34 main.go:148: Go API running on :8081
2026/09/03 21:54:46 logger.go:21: === API Started ===
2026/09/03 21:54:46 db.go:32: Database connected
2026/09/03 21:54:46 db.go:42: Migration done
2026/09/03 21:54:46 redis.go:23: Connected to Redis
2026/09/03 21:54:46 notification.go:42: ✅ FCM initialized
2026/09/03 21:54:46 google.go:46: Firebase initialized successfully
2026/09/03 21:54:46 main.go:148: Go API running on :8081
2026/09/03 21:55:00 logger.go:21: === API Started ===
2026/09/03 21:55:00 db.go:32: Database connected
2026/09/03 21:55:00 db.go:42: Migration done
2026/09/03 21:55:00 redis.go:23: Connected to Redis
2026/09/03 21:55:00 notification.go:42: ✅ FCM initialized
2026/09/03 21:55:00 google.go:46: Firebase initialized successfully
2026/09/03 21:55:00 main.go:148: Go API running on :8081
2026/09/03 21:55:51 logger.go:21: === API Started ===
2026/09/03 21:55:51 db.go:32: Database connected
2026/09/03 21:55:51 db.go:42: Migration done
2026/09/03 21:55:51 redis.go:23: Connected to Redis
2026/09/03 21:55:51 notification.go:42: ✅ FCM initialized
2026/09/03 21:55:51 google.go:46: Firebase initialized successfully
2026/09/03 21:55:51 main.go:150: Go API running on :8081
2026/09/03 21:59:42 email.go:698: Partner payment link sent to dev.ayomide@gmail.com
2026/09/03 22:00:49 email.go:698: Partner payment link sent to dev.ayomide@gmail.com
2026/09/03 22:03:03 email.go:698: Partner payment link sent to zardibesti@necub.com
2026/09/03 22:14:08 notification.go:179: [NOTIFY] ✅ Created notification record
2026/09/03 22:14:08 notification.go:240: [NOTIFY] ⚠️ No device token for driver 
2026/09/03 22:23:24 hotel.go:192: Google login: email=dev.ayomide@gmail.com, member.HotelID=eeb9f3d4-d79a-4257-b1e2-095809e4c4be, hotel.Status=active
2026/09/03 22:29:51 logger.go:21: === API Started ===
2026/09/03 22:29:51 db.go:32: Database connected
2026/09/03 22:29:51 db.go:42: Migration done
2026/09/03 22:29:51 redis.go:23: Connected to Redis
2026/09/03 22:29:51 notification.go:42: ✅ FCM initialized
2026/09/03 22:29:51 google.go:46: Firebase initialized successfully
2026/09/03 22:29:51 main.go:150: Go API running on :8081
2026/09/03 22:32:00 hotel.go:192: Google login: email=dev.ayomide@gmail.com, member.HotelID=eeb9f3d4-d79a-4257-b1e2-095809e4c4be, hotel.Status=active
2026/09/03 22:32:57 email.go:698: Partner payment link sent to dev.ayomide@gmail.com
2026/09/03 22:39:35 notification.go:179: [NOTIFY] ✅ Created notification record
2026/09/03 22:39:35 notification.go:240: [NOTIFY] ⚠️ No device token for driver 
2026/09/03 22:47:46 logger.go:21: === API Started ===
2026/09/03 22:47:46 db.go:32: Database connected
2026/09/03 22:47:46 db.go:42: Migration done
2026/09/03 22:47:46 redis.go:23: Connected to Redis
2026/09/03 22:47:46 notification.go:42: ✅ FCM initialized
2026/09/03 22:47:46 google.go:46: Firebase initialized successfully
2026/09/03 22:47:46 main.go:150: Go API running on :8081
2026/09/03 22:49:44 booking.go:1572: INFO Driver found driver="{ID:4ea03389-89b5-11f1-bc75-06db06437209 FirstName:Ayomide LastName:Oloyede Phone:550880119 Email:dev.ayomide@gmail.com AvatarURL:https://pub-daac3eb7fee34fb0a080788f413304b1.r2.dev/avatar_axis.png}"
2026/09/03 22:49:44 booking.go:1572: INFO Driver found driver="{ID:4ea03389-89b5-11f1-bc75-06db06437209 FirstName:Ayomide LastName:Oloyede Phone:550880119 Email:dev.ayomide@gmail.com AvatarURL:https://pub-daac3eb7fee34fb0a080788f413304b1.r2.dev/avatar_axis.png}"
2026/09/03 22:49:44 notification.go:179: [NOTIFY] ✅ Created notification record
2026/09/03 22:49:44 notification.go:235: [NOTIFY] ❌ Push failed for booking #143: The registration token is not a valid FCM registration token
2026/09/03 22:49:44 email.go:530: Scheduled ride notification sent to dev.ayomide@gmail.com
2026/09/03 22:49:44 notification.go:257: [NOTIFY] ✅ Email sent for booking #143 to dev.ayomide@gmail.com
2026/09/03 22:51:31 email.go:698: Partner payment link sent to dev.ayomide@gmail.com
2026/09/03 22:52:13 notification.go:179: [NOTIFY] ✅ Created notification record
2026/09/03 22:52:13 notification.go:240: [NOTIFY] ⚠️ No device token for driver 
2026/09/03 23:32:24 booking.go:1572: INFO Driver found driver="{ID:eba25e11-7fd2-4e8c-af59-30dd46d34062 FirstName:Test LastName:User Phone:540998223 Email:tempmail@yahoo.com AvatarURL:https://pub-daac3eb7fee34fb0a080788f413304b1.r2.dev/avatar_axis.png}"
2026/09/03 23:32:24 booking.go:1572: INFO Driver found driver="{ID:eba25e11-7fd2-4e8c-af59-30dd46d34062 FirstName:Test LastName:User Phone:540998223 Email:tempmail@yahoo.com AvatarURL:https://pub-daac3eb7fee34fb0a080788f413304b1.r2.dev/avatar_axis.png}"
2026/09/03 23:32:24 notification.go:179: [NOTIFY] ✅ Created notification record
2026/09/03 23:32:24 notification.go:179: [NOTIFY] ✅ Created notification record
2026/09/03 23:32:25 notification.go:235: [NOTIFY] ❌ Push failed for booking #146: NotRegistered
2026/09/03 23:32:25 notification.go:235: [NOTIFY] ❌ Push failed for booking #147: NotRegistered
2026/09/03 23:32:25 email.go:530: Scheduled ride notification sent to tempmail@yahoo.com
2026/09/03 23:32:25 notification.go:257: [NOTIFY] ✅ Email sent for booking #146 to tempmail@yahoo.com
2026/09/03 23:32:25 email.go:530: Scheduled ride notification sent to tempmail@yahoo.com
2026/09/03 23:32:25 notification.go:257: [NOTIFY] ✅ Email sent for booking #147 to tempmail@yahoo.com
2026/09/04 08:14:49 booking.go:1572: INFO Driver found driver="{ID:d1aeb66f-90c7-11f1-b287-06db06437209 FirstName:Acheampong LastName:Kofi Ofosu-Appiah Phone:244221036 Email:kofiache77@gmail.com AvatarURL:https://pub-daac3eb7fee34fb0a080788f413304b1.r2.dev/avatar_axis.png}"
2026/09/04 08:14:49 booking.go:1572: INFO Driver found driver="{ID:d1aeb66f-90c7-11f1-b287-06db06437209 FirstName:Acheampong LastName:Kofi Ofosu-Appiah Phone:244221036 Email:kofiache77@gmail.com AvatarURL:https://pub-daac3eb7fee34fb0a080788f413304b1.r2.dev/avatar_axis.png}"
2026/09/04 08:14:49 notification.go:179: [NOTIFY] ✅ Created notification record
2026/09/04 08:14:49 notification.go:235: [NOTIFY] ❌ Push failed for booking #148: The registration token is not a valid FCM registration token
2026/09/04 08:14:49 email.go:530: Scheduled ride notification sent to kofiache77@gmail.com
2026/09/04 08:14:49 notification.go:257: [NOTIFY] ✅ Email sent for booking #148 to kofiache77@gmail.com
2026/09/04 08:37:12 booking.go:1572: INFO Driver found driver="{ID:4ea03389-89b5-11f1-bc75-06db06437209 FirstName:Ayomide LastName:Oloyede Phone:550880119 Email:dev.ayomide@gmail.com AvatarURL:https://pub-daac3eb7fee34fb0a080788f413304b1.r2.dev/avatar_axis.png}"
2026/09/04 08:37:16 booking.go:1572: INFO Driver found driver="{ID:4ea03389-89b5-11f1-bc75-06db06437209 FirstName:Ayomide LastName:Oloyede Phone:550880119 Email:dev.ayomide@gmail.com AvatarURL:https://pub-daac3eb7fee34fb0a080788f413304b1.r2.dev/avatar_axis.png}"
2026/09/04 08:37:16 booking.go:1572: INFO Driver found driver="{ID:4ea03389-89b5-11f1-bc75-06db06437209 FirstName:Ayomide LastName:Oloyede Phone:550880119 Email:dev.ayomide@gmail.com AvatarURL:https://pub-daac3eb7fee34fb0a080788f413304b1.r2.dev/avatar_axis.png}"
2026/09/04 08:37:16 notification.go:179: [NOTIFY] ✅ Created notification record
2026/09/04 08:37:16 notification.go:235: [NOTIFY] ❌ Push failed for booking #149: The registration token is not a valid FCM registration token
2026/09/04 08:37:16 email.go:530: Scheduled ride notification sent to dev.ayomide@gmail.com
2026/09/04 08:37:16 notification.go:257: [NOTIFY] ✅ Email sent for booking #149 to dev.ayomide@gmail.com
2026/09/04 09:07:40 logger.go:21: === API Started ===
2026/09/04 09:07:40 db.go:32: Database connected
2026/09/04 09:07:40 db.go:42: Migration done
2026/09/04 09:07:40 redis.go:23: Connected to Redis
2026/09/04 09:07:40 notification.go:42: ✅ FCM initialized
2026/09/04 09:07:40 google.go:46: Firebase initialized successfully
2026/09/04 09:07:40 main.go:150: Go API running on :8081
2026/09/04 09:07:55 logger.go:21: === API Started ===
2026/09/04 09:07:55 db.go:32: Database connected
2026/09/04 09:07:55 db.go:42: Migration done
2026/09/04 09:07:55 redis.go:23: Connected to Redis
2026/09/04 09:07:55 notification.go:42: ✅ FCM initialized
2026/09/04 09:07:55 google.go:46: Firebase initialized successfully
2026/09/04 09:07:55 main.go:150: Go API running on :8081
2026/09/04 09:09:03 email.go:698: Partner payment link sent to dev.ayomide@gmail.com
2026/09/04 09:12:48 notification.go:179: [NOTIFY] ✅ Created notification record
2026/09/04 09:12:48 notification.go:240: [NOTIFY] ⚠️ No device token for driver 
2026/09/04 12:20:46 hotel.go:192: Google login: email=dev.ayomide@gmail.com, member.HotelID=eeb9f3d4-d79a-4257-b1e2-095809e4c4be, hotel.Status=active
2026/09/04 13:44:55 booking.go:1572: INFO Driver found driver="{ID:4ea03389-89b5-11f1-bc75-06db06437209 FirstName:Ayomide LastName:Oloyede Phone:550880119 Email:dev.ayomide@gmail.com AvatarURL:https://pub-daac3eb7fee34fb0a080788f413304b1.r2.dev/avatar_axis.png}"
2026/09/04 13:44:58 booking.go:1572: INFO Driver found driver="{ID:4ea03389-89b5-11f1-bc75-06db06437209 FirstName:Ayomide LastName:Oloyede Phone:550880119 Email:dev.ayomide@gmail.com AvatarURL:https://pub-daac3eb7fee34fb0a080788f413304b1.r2.dev/avatar_axis.png}"
2026/09/04 13:45:03 booking.go:1572: INFO Driver found driver="{ID:4ea03389-89b5-11f1-bc75-06db06437209 FirstName:Ayomide LastName:Oloyede Phone:550880119 Email:dev.ayomide@gmail.com AvatarURL:https://pub-daac3eb7fee34fb0a080788f413304b1.r2.dev/avatar_axis.png}"
2026/09/04 13:45:03 booking.go:1572: INFO Driver found driver="{ID:4ea03389-89b5-11f1-bc75-06db06437209 FirstName:Ayomide LastName:Oloyede Phone:550880119 Email:dev.ayomide@gmail.com AvatarURL:https://pub-daac3eb7fee34fb0a080788f413304b1.r2.dev/avatar_axis.png}"
2026/09/04 13:45:03 notification.go:179: [NOTIFY] ✅ Created notification record
2026/09/04 13:45:03 notification.go:179: [NOTIFY] ✅ Created notification record
2026/09/04 13:45:03 notification.go:235: [NOTIFY] ❌ Push failed for booking #152: The registration token is not a valid FCM registration token
2026/09/04 13:45:03 notification.go:235: [NOTIFY] ❌ Push failed for booking #153: The registration token is not a valid FCM registration token
2026/09/04 13:45:03 email.go:530: Scheduled ride notification sent to dev.ayomide@gmail.com
2026/09/04 13:45:03 notification.go:257: [NOTIFY] ✅ Email sent for booking #152 to dev.ayomide@gmail.com
2026/09/04 13:45:03 email.go:530: Scheduled ride notification sent to dev.ayomide@gmail.com
2026/09/04 13:45:03 notification.go:257: [NOTIFY] ✅ Email sent for booking #153 to dev.ayomide@gmail.com
2026/09/04 13:45:47 booking.go:1572: INFO Driver found driver="{ID:4ea03389-89b5-11f1-bc75-06db06437209 FirstName:Ayomide LastName:Oloyede Phone:550880119 Email:dev.ayomide@gmail.com AvatarURL:https://pub-daac3eb7fee34fb0a080788f413304b1.r2.dev/avatar_axis.png}"
2026/09/04 13:48:04 notification.go:179: [NOTIFY] ✅ Created notification record
2026/09/04 13:48:04 notification.go:240: [NOTIFY] ⚠️ No device token for driver 
2026/09/04 15:21:25 booking.go:1572: INFO Driver found driver="{ID:4ea03389-89b5-11f1-bc75-06db06437209 FirstName:Ayomide LastName:Oloyede Phone:550880119 Email:dev.ayomide@gmail.com AvatarURL:https://pub-daac3eb7fee34fb0a080788f413304b1.r2.dev/avatar_axis.png}"
2026/09/04 15:21:25 booking.go:1572: INFO Driver found driver="{ID:4ea03389-89b5-11f1-bc75-06db06437209 FirstName:Ayomide LastName:Oloyede Phone:550880119 Email:dev.ayomide@gmail.com AvatarURL:https://pub-daac3eb7fee34fb0a080788f413304b1.r2.dev/avatar_axis.png}"
2026/09/04 15:21:25 notification.go:179: [NOTIFY] ✅ Created notification record
2026/09/04 15:21:25 notification.go:235: [NOTIFY] ❌ Push failed for booking #155: The registration token is not a valid FCM registration token
2026/09/04 15:21:25 email.go:530: Scheduled ride notification sent to dev.ayomide@gmail.com
2026/09/04 15:21:25 notification.go:257: [NOTIFY] ✅ Email sent for booking #155 to dev.ayomide@gmail.com
2026/09/04 15:23:11 notification.go:179: [NOTIFY] ✅ Created notification record
2026/09/04 15:23:11 notification.go:240: [NOTIFY] ⚠️ No device token for driver 
2026/09/05 06:07:03 hotel.go:192: Google login: email=dev.ayomide@gmail.com, member.HotelID=eeb9f3d4-d79a-4257-b1e2-095809e4c4be, hotel.Status=active
2026/09/05 06:07:53 booking.go:1572: INFO Driver found driver="{ID:6c732d57-d3e6-4931-8d50-4e7d1f5a91d1 FirstName:John LastName:Ayew Phone:550877222 Email:tempmail@gmail.com AvatarURL:https://pub-daac3eb7fee34fb0a080788f413304b1.r2.dev/avatar_axis.png}"
2026/09/05 06:07:57 booking.go:1572: INFO Driver found driver="{ID:6c732d57-d3e6-4931-8d50-4e7d1f5a91d1 FirstName:John LastName:Ayew Phone:550877222 Email:tempmail@gmail.com AvatarURL:https://pub-daac3eb7fee34fb0a080788f413304b1.r2.dev/avatar_axis.png}"
2026/09/05 06:08:00 booking.go:1572: INFO Driver found driver="{ID:6c732d57-d3e6-4931-8d50-4e7d1f5a91d1 FirstName:John LastName:Ayew Phone:550877222 Email:tempmail@gmail.com AvatarURL:https://pub-daac3eb7fee34fb0a080788f413304b1.r2.dev/avatar_axis.png}"
2026/09/05 06:08:04 booking.go:1572: INFO Driver found driver="{ID:6c732d57-d3e6-4931-8d50-4e7d1f5a91d1 FirstName:John LastName:Ayew Phone:550877222 Email:tempmail@gmail.com AvatarURL:https://pub-daac3eb7fee34fb0a080788f413304b1.r2.dev/avatar_axis.png}"
2026/09/05 06:08:07 booking.go:1572: INFO Driver found driver="{ID:6c732d57-d3e6-4931-8d50-4e7d1f5a91d1 FirstName:John LastName:Ayew Phone:550877222 Email:tempmail@gmail.com AvatarURL:https://pub-daac3eb7fee34fb0a080788f413304b1.r2.dev/avatar_axis.png}"
2026/09/05 06:08:11 booking.go:1572: INFO Driver found driver="{ID:6c732d57-d3e6-4931-8d50-4e7d1f5a91d1 FirstName:John LastName:Ayew Phone:550877222 Email:tempmail@gmail.com AvatarURL:https://pub-daac3eb7fee34fb0a080788f413304b1.r2.dev/avatar_axis.png}"
2026/09/05 06:08:14 booking.go:1572: INFO Driver found driver="{ID:6c732d57-d3e6-4931-8d50-4e7d1f5a91d1 FirstName:John LastName:Ayew Phone:550877222 Email:tempmail@gmail.com AvatarURL:https://pub-daac3eb7fee34fb0a080788f413304b1.r2.dev/avatar_axis.png}"
2026/09/05 06:08:18 booking.go:1572: INFO Driver found driver="{ID:6c732d57-d3e6-4931-8d50-4e7d1f5a91d1 FirstName:John LastName:Ayew Phone:550877222 Email:tempmail@gmail.com AvatarURL:https://pub-daac3eb7fee34fb0a080788f413304b1.r2.dev/avatar_axis.png}"
2026/09/05 06:08:18 email.go:698: Partner payment link sent to dev.ayomide@gmail.com
2026/09/05 06:08:21 booking.go:1572: INFO Driver found driver="{ID:6c732d57-d3e6-4931-8d50-4e7d1f5a91d1 FirstName:John LastName:Ayew Phone:550877222 Email:tempmail@gmail.com AvatarURL:https://pub-daac3eb7fee34fb0a080788f413304b1.r2.dev/avatar_axis.png}"
2026/09/05 06:08:25 booking.go:1572: INFO Driver found driver="{ID:6c732d57-d3e6-4931-8d50-4e7d1f5a91d1 FirstName:John LastName:Ayew Phone:550877222 Email:tempmail@gmail.com AvatarURL:https://pub-daac3eb7fee34fb0a080788f413304b1.r2.dev/avatar_axis.png}"
2026/09/05 06:08:28 booking.go:1572: INFO Driver found driver="{ID:6c732d57-d3e6-4931-8d50-4e7d1f5a91d1 FirstName:John LastName:Ayew Phone:550877222 Email:tempmail@gmail.com AvatarURL:https://pub-daac3eb7fee34fb0a080788f413304b1.r2.dev/avatar_axis.png}"
2026/09/05 06:08:32 booking.go:1572: INFO Driver found driver="{ID:6c732d57-d3e6-4931-8d50-4e7d1f5a91d1 FirstName:John LastName:Ayew Phone:550877222 Email:tempmail@gmail.com AvatarURL:https://pub-daac3eb7fee34fb0a080788f413304b1.r2.dev/avatar_axis.png}"
2026/09/05 06:08:35 booking.go:1572: INFO Driver found driver="{ID:6c732d57-d3e6-4931-8d50-4e7d1f5a91d1 FirstName:John LastName:Ayew Phone:550877222 Email:tempmail@gmail.com AvatarURL:https://pub-daac3eb7fee34fb0a080788f413304b1.r2.dev/avatar_axis.png}"
2026/09/05 06:08:39 booking.go:1572: INFO Driver found driver="{ID:6c732d57-d3e6-4931-8d50-4e7d1f5a91d1 FirstName:John LastName:Ayew Phone:550877222 Email:tempmail@gmail.com AvatarURL:https://pub-daac3eb7fee34fb0a080788f413304b1.r2.dev/avatar_axis.png}"
2026/09/05 06:08:42 booking.go:1572: INFO Driver found driver="{ID:6c732d57-d3e6-4931-8d50-4e7d1f5a91d1 FirstName:John LastName:Ayew Phone:550877222 Email:tempmail@gmail.com AvatarURL:https://pub-daac3eb7fee34fb0a080788f413304b1.r2.dev/avatar_axis.png}"
2026/09/05 06:08:46 booking.go:1572: INFO Driver found driver="{ID:6c732d57-d3e6-4931-8d50-4e7d1f5a91d1 FirstName:John LastName:Ayew Phone:550877222 Email:tempmail@gmail.com AvatarURL:https://pub-daac3eb7fee34fb0a080788f413304b1.r2.dev/avatar_axis.png}"
2026/09/05 06:09:34 booking.go:1572: INFO Driver found driver="{ID:6c732d57-d3e6-4931-8d50-4e7d1f5a91d1 FirstName:John LastName:Ayew Phone:550877222 Email:tempmail@gmail.com AvatarURL:https://pub-daac3eb7fee34fb0a080788f413304b1.r2.dev/avatar_axis.png}"
2026/09/05 06:09:48 booking.go:1572: INFO Driver found driver="{ID:b827711c-918c-11f1-b287-06db06437209 FirstName:Kwame LastName:Test Phone:550880117 Email:testdriver@example.com AvatarURL:}"
2026/09/05 06:09:48 booking.go:1572: INFO Driver found driver="{ID:b827711c-918c-11f1-b287-06db06437209 FirstName:Kwame LastName:Test Phone:550880117 Email:testdriver@example.com AvatarURL:}"
2026/09/05 06:09:48 notification.go:179: [NOTIFY] ✅ Created notification record
2026/09/05 06:09:48 notification.go:235: [NOTIFY] ❌ Push failed for booking #158: SenderId mismatch
2026/09/05 06:09:48 email.go:526: Failed to send scheduled ride notification to testdriver@example.com: [ERROR]: Invalid `to` field. Please use our testing email address instead of domains like `example.com`. See our documentation for more information.
2026/09/05 06:09:48 notification.go:255: [NOTIFY] ❌ Email failed for booking #158: [ERROR]: Invalid `to` field. Please use our testing email address instead of domains like `example.com`. See our documentation for more information.
2026/09/05 06:10:34 booking.go:1572: INFO Driver found driver="{ID:6c732d57-d3e6-4931-8d50-4e7d1f5a91d1 FirstName:John LastName:Ayew Phone:550877222 Email:tempmail@gmail.com AvatarURL:https://pub-daac3eb7fee34fb0a080788f413304b1.r2.dev/avatar_axis.png}"
2026/09/05 06:21:20 booking.go:1572: INFO Driver found driver="{ID:6c732d57-d3e6-4931-8d50-4e7d1f5a91d1 FirstName:John LastName:Ayew Phone:550877222 Email:tempmail@gmail.com AvatarURL:https://pub-daac3eb7fee34fb0a080788f413304b1.r2.dev/avatar_axis.png}"
2026/09/05 06:22:20 booking.go:1572: INFO Driver found driver="{ID:6c732d57-d3e6-4931-8d50-4e7d1f5a91d1 FirstName:John LastName:Ayew Phone:550877222 Email:tempmail@gmail.com AvatarURL:https://pub-daac3eb7fee34fb0a080788f413304b1.r2.dev/avatar_axis.png}"
2026/09/05 06:23:20 booking.go:1572: INFO Driver found driver="{ID:6c732d57-d3e6-4931-8d50-4e7d1f5a91d1 FirstName:John LastName:Ayew Phone:550877222 Email:tempmail@gmail.com AvatarURL:https://pub-daac3eb7fee34fb0a080788f413304b1.r2.dev/avatar_axis.png}"
2026/09/05 06:24:20 booking.go:1572: INFO Driver found driver="{ID:6c732d57-d3e6-4931-8d50-4e7d1f5a91d1 FirstName:John LastName:Ayew Phone:550877222 Email:tempmail@gmail.com AvatarURL:https://pub-daac3eb7fee34fb0a080788f413304b1.r2.dev/avatar_axis.png}"
2026/09/05 06:25:20 booking.go:1572: INFO Driver found driver="{ID:6c732d57-d3e6-4931-8d50-4e7d1f5a91d1 FirstName:John LastName:Ayew Phone:550877222 Email:tempmail@gmail.com AvatarURL:https://pub-daac3eb7fee34fb0a080788f413304b1.r2.dev/avatar_axis.png}"
2026/09/05 06:25:31 booking.go:1572: INFO Driver found driver="{ID:6c732d57-d3e6-4931-8d50-4e7d1f5a91d1 FirstName:John LastName:Ayew Phone:550877222 Email:tempmail@gmail.com AvatarURL:https://pub-daac3eb7fee34fb0a080788f413304b1.r2.dev/avatar_axis.png}"
2026/09/05 06:25:34 booking.go:1572: INFO Driver found driver="{ID:6c732d57-d3e6-4931-8d50-4e7d1f5a91d1 FirstName:John LastName:Ayew Phone:550877222 Email:tempmail@gmail.com AvatarURL:https://pub-daac3eb7fee34fb0a080788f413304b1.r2.dev/avatar_axis.png}"
2026/09/05 06:25:38 booking.go:1572: INFO Driver found driver="{ID:6c732d57-d3e6-4931-8d50-4e7d1f5a91d1 FirstName:John LastName:Ayew Phone:550877222 Email:tempmail@gmail.com AvatarURL:https://pub-daac3eb7fee34fb0a080788f413304b1.r2.dev/avatar_axis.png}"
2026/09/05 06:25:41 booking.go:1572: INFO Driver found driver="{ID:6c732d57-d3e6-4931-8d50-4e7d1f5a91d1 FirstName:John LastName:Ayew Phone:550877222 Email:tempmail@gmail.com AvatarURL:https://pub-daac3eb7fee34fb0a080788f413304b1.r2.dev/avatar_axis.png}"
2026/09/05 06:25:45 booking.go:1572: INFO Driver found driver="{ID:6c732d57-d3e6-4931-8d50-4e7d1f5a91d1 FirstName:John LastName:Ayew Phone:550877222 Email:tempmail@gmail.com AvatarURL:https://pub-daac3eb7fee34fb0a080788f413304b1.r2.dev/avatar_axis.png}"
2026/09/05 06:25:48 booking.go:1572: INFO Driver found driver="{ID:6c732d57-d3e6-4931-8d50-4e7d1f5a91d1 FirstName:John LastName:Ayew Phone:550877222 Email:tempmail@gmail.com AvatarURL:https://pub-daac3eb7fee34fb0a080788f413304b1.r2.dev/avatar_axis.png}"
2026/09/05 06:25:52 booking.go:1572: INFO Driver found driver="{ID:6c732d57-d3e6-4931-8d50-4e7d1f5a91d1 FirstName:John LastName:Ayew Phone:550877222 Email:tempmail@gmail.com AvatarURL:https://pub-daac3eb7fee34fb0a080788f413304b1.r2.dev/avatar_axis.png}"
2026/09/05 06:25:55 booking.go:1572: INFO Driver found driver="{ID:6c732d57-d3e6-4931-8d50-4e7d1f5a91d1 FirstName:John LastName:Ayew Phone:550877222 Email:tempmail@gmail.com AvatarURL:https://pub-daac3eb7fee34fb0a080788f413304b1.r2.dev/avatar_axis.png}"
2026/09/05 06:25:59 booking.go:1572: INFO Driver found driver="{ID:6c732d57-d3e6-4931-8d50-4e7d1f5a91d1 FirstName:John LastName:Ayew Phone:550877222 Email:tempmail@gmail.com AvatarURL:https://pub-daac3eb7fee34fb0a080788f413304b1.r2.dev/avatar_axis.png}"
2026/09/05 06:26:02 booking.go:1572: INFO Driver found driver="{ID:6c732d57-d3e6-4931-8d50-4e7d1f5a91d1 FirstName:John LastName:Ayew Phone:550877222 Email:tempmail@gmail.com AvatarURL:https://pub-daac3eb7fee34fb0a080788f413304b1.r2.dev/avatar_axis.png}"
2026/09/05 06:26:06 booking.go:1572: INFO Driver found driver="{ID:6c732d57-d3e6-4931-8d50-4e7d1f5a91d1 FirstName:John LastName:Ayew Phone:550877222 Email:tempmail@gmail.com AvatarURL:https://pub-daac3eb7fee34fb0a080788f413304b1.r2.dev/avatar_axis.png}"
2026/09/05 06:26:09 booking.go:1572: INFO Driver found driver="{ID:6c732d57-d3e6-4931-8d50-4e7d1f5a91d1 FirstName:John LastName:Ayew Phone:550877222 Email:tempmail@gmail.com AvatarURL:https://pub-daac3eb7fee34fb0a080788f413304b1.r2.dev/avatar_axis.png}"
2026/09/05 06:26:13 booking.go:1572: INFO Driver found driver="{ID:6c732d57-d3e6-4931-8d50-4e7d1f5a91d1 FirstName:John LastName:Ayew Phone:550877222 Email:tempmail@gmail.com AvatarURL:https://pub-daac3eb7fee34fb0a080788f413304b1.r2.dev/avatar_axis.png}"
2026/09/05 06:26:16 booking.go:1572: INFO Driver found driver="{ID:6c732d57-d3e6-4931-8d50-4e7d1f5a91d1 FirstName:John LastName:Ayew Phone:550877222 Email:tempmail@gmail.com AvatarURL:https://pub-daac3eb7fee34fb0a080788f413304b1.r2.dev/avatar_axis.png}"
2026/09/05 06:26:20 booking.go:1572: INFO Driver found driver="{ID:6c732d57-d3e6-4931-8d50-4e7d1f5a91d1 FirstName:John LastName:Ayew Phone:550877222 Email:tempmail@gmail.com AvatarURL:https://pub-daac3eb7fee34fb0a080788f413304b1.r2.dev/avatar_axis.png}"
2026/09/05 06:26:23 booking.go:1572: INFO Driver found driver="{ID:6c732d57-d3e6-4931-8d50-4e7d1f5a91d1 FirstName:John LastName:Ayew Phone:550877222 Email:tempmail@gmail.com AvatarURL:https://pub-daac3eb7fee34fb0a080788f413304b1.r2.dev/avatar_axis.png}"
2026/09/05 06:26:27 booking.go:1572: INFO Driver found driver="{ID:6c732d57-d3e6-4931-8d50-4e7d1f5a91d1 FirstName:John LastName:Ayew Phone:550877222 Email:tempmail@gmail.com AvatarURL:https://pub-daac3eb7fee34fb0a080788f413304b1.r2.dev/avatar_axis.png}"
2026/09/05 06:26:30 booking.go:1572: INFO Driver found driver="{ID:6c732d57-d3e6-4931-8d50-4e7d1f5a91d1 FirstName:John LastName:Ayew Phone:550877222 Email:tempmail@gmail.com AvatarURL:https://pub-daac3eb7fee34fb0a080788f413304b1.r2.dev/avatar_axis.png}"
2026/09/05 06:26:34 booking.go:1572: INFO Driver found driver="{ID:6c732d57-d3e6-4931-8d50-4e7d1f5a91d1 FirstName:John LastName:Ayew Phone:550877222 Email:tempmail@gmail.com AvatarURL:https://pub-daac3eb7fee34fb0a080788f413304b1.r2.dev/avatar_axis.png}"
2026/09/05 06:26:37 booking.go:1572: INFO Driver found driver="{ID:6c732d57-d3e6-4931-8d50-4e7d1f5a91d1 FirstName:John LastName:Ayew Phone:550877222 Email:tempmail@gmail.com AvatarURL:https://pub-daac3eb7fee34fb0a080788f413304b1.r2.dev/avatar_axis.png}"
2026/09/05 06:26:41 booking.go:1572: INFO Driver found driver="{ID:6c732d57-d3e6-4931-8d50-4e7d1f5a91d1 FirstName:John LastName:Ayew Phone:550877222 Email:tempmail@gmail.com AvatarURL:https://pub-daac3eb7fee34fb0a080788f413304b1.r2.dev/avatar_axis.png}"
2026/09/05 06:26:44 booking.go:1572: INFO Driver found driver="{ID:6c732d57-d3e6-4931-8d50-4e7d1f5a91d1 FirstName:John LastName:Ayew Phone:550877222 Email:tempmail@gmail.com AvatarURL:https://pub-daac3eb7fee34fb0a080788f413304b1.r2.dev/avatar_axis.png}"
2026/09/05 06:26:46 booking.go:1572: INFO Driver found driver="{ID:6c732d57-d3e6-4931-8d50-4e7d1f5a91d1 FirstName:John LastName:Ayew Phone:550877222 Email:tempmail@gmail.com AvatarURL:https://pub-daac3eb7fee34fb0a080788f413304b1.r2.dev/avatar_axis.png}"
2026/09/05 06:26:48 booking.go:1572: INFO Driver found driver="{ID:6c732d57-d3e6-4931-8d50-4e7d1f5a91d1 FirstName:John LastName:Ayew Phone:550877222 Email:tempmail@gmail.com AvatarURL:https://pub-daac3eb7fee34fb0a080788f413304b1.r2.dev/avatar_axis.png}"
2026/09/05 06:26:50 booking.go:1572: INFO Driver found driver="{ID:6c732d57-d3e6-4931-8d50-4e7d1f5a91d1 FirstName:John LastName:Ayew Phone:550877222 Email:tempmail@gmail.com AvatarURL:https://pub-daac3eb7fee34fb0a080788f413304b1.r2.dev/avatar_axis.png}"
2026/09/05 06:26:51 booking.go:1572: INFO Driver found driver="{ID:6c732d57-d3e6-4931-8d50-4e7d1f5a91d1 FirstName:John LastName:Ayew Phone:550877222 Email:tempmail@gmail.com AvatarURL:https://pub-daac3eb7fee34fb0a080788f413304b1.r2.dev/avatar_axis.png}"
2026/09/05 06:26:56 booking.go:1572: INFO Driver found driver="{ID:6c732d57-d3e6-4931-8d50-4e7d1f5a91d1 FirstName:John LastName:Ayew Phone:550877222 Email:tempmail@gmail.com AvatarURL:https://pub-daac3eb7fee34fb0a080788f413304b1.r2.dev/avatar_axis.png}"
2026/09/05 06:26:59 booking.go:1572: INFO Driver found driver="{ID:6c732d57-d3e6-4931-8d50-4e7d1f5a91d1 FirstName:John LastName:Ayew Phone:550877222 Email:tempmail@gmail.com AvatarURL:https://pub-daac3eb7fee34fb0a080788f413304b1.r2.dev/avatar_axis.png}"
2026/09/05 06:27:03 booking.go:1572: INFO Driver found driver="{ID:6c732d57-d3e6-4931-8d50-4e7d1f5a91d1 FirstName:John LastName:Ayew Phone:550877222 Email:tempmail@gmail.com AvatarURL:https://pub-daac3eb7fee34fb0a080788f413304b1.r2.dev/avatar_axis.png}"
2026/09/05 06:27:05 booking.go:1572: INFO Driver found driver="{ID:6c732d57-d3e6-4931-8d50-4e7d1f5a91d1 FirstName:John LastName:Ayew Phone:550877222 Email:tempmail@gmail.com AvatarURL:https://pub-daac3eb7fee34fb0a080788f413304b1.r2.dev/avatar_axis.png}"
2026/09/05 06:30:43 email.go:368: New hotel application notification sent to dev.ayomide@gmail.com
2026/09/05 06:30:43 email.go:277: Hotel application confirmation sent to victorblavo@gmail.com
2026/09/05 06:54:52 booking.go:1572: INFO Driver found driver="{ID:8ffc08b2-91a5-11f1-b287-06db06437209 FirstName:Moh LastName:Mdee Phone:550880112 Email:moh@example.com AvatarURL:}"
2026/09/05 06:54:56 booking.go:1572: INFO Driver found driver="{ID:8ffc08b2-91a5-11f1-b287-06db06437209 FirstName:Moh LastName:Mdee Phone:550880112 Email:moh@example.com AvatarURL:}"
2026/09/05 06:54:59 booking.go:1572: INFO Driver found driver="{ID:8ffc08b2-91a5-11f1-b287-06db06437209 FirstName:Moh LastName:Mdee Phone:550880112 Email:moh@example.com AvatarURL:}"
2026/09/05 06:55:03 booking.go:1572: INFO Driver found driver="{ID:8ffc08b2-91a5-11f1-b287-06db06437209 FirstName:Moh LastName:Mdee Phone:550880112 Email:moh@example.com AvatarURL:}"
2026/09/05 06:55:06 booking.go:1572: INFO Driver found driver="{ID:8ffc08b2-91a5-11f1-b287-06db06437209 FirstName:Moh LastName:Mdee Phone:550880112 Email:moh@example.com AvatarURL:}"
2026/09/05 06:55:10 booking.go:1572: INFO Driver found driver="{ID:8ffc08b2-91a5-11f1-b287-06db06437209 FirstName:Moh LastName:Mdee Phone:550880112 Email:moh@example.com AvatarURL:}"
2026/09/05 06:55:10 booking.go:1572: INFO Driver found driver="{ID:8ffc08b2-91a5-11f1-b287-06db06437209 FirstName:Moh LastName:Mdee Phone:550880112 Email:moh@example.com AvatarURL:}"
2026/09/05 06:55:10 notification.go:179: [NOTIFY] ✅ Created notification record
2026/09/05 06:55:10 notification.go:235: [NOTIFY] ❌ Push failed for booking #159: The registration token is not a valid FCM registration token
2026/09/05 06:55:10 email.go:526: Failed to send scheduled ride notification to moh@example.com: [ERROR]: Invalid `to` field. Please use our testing email address instead of domains like `example.com`. See our documentation for more information.
2026/09/05 06:55:10 notification.go:255: [NOTIFY] ❌ Email failed for booking #159: [ERROR]: Invalid `to` field. Please use our testing email address instead of domains like `example.com`. See our documentation for more information.
2026/09/05 07:01:15 booking.go:1572: INFO Driver found driver="{ID:8ffc08b2-91a5-11f1-b287-06db06437209 FirstName:Moh LastName:Mdee Phone:550880112 Email:moh@example.com AvatarURL:}"
2026/09/05 07:01:36 booking.go:1572: INFO Driver found driver="{ID:8ffc08b2-91a5-11f1-b287-06db06437209 FirstName:Moh LastName:Mdee Phone:550880112 Email:moh@example.com AvatarURL:}"
2026/09/05 07:01:55 booking.go:1572: INFO Driver found driver="{ID:8ffc08b2-91a5-11f1-b287-06db06437209 FirstName:Moh LastName:Mdee Phone:550880112 Email:moh@example.com AvatarURL:}"
2026/09/05 07:02:03 booking.go:1572: INFO Driver found driver="{ID:8ffc08b2-91a5-11f1-b287-06db06437209 FirstName:Moh LastName:Mdee Phone:550880112 Email:moh@example.com AvatarURL:}"
2026/09/05 07:02:33 booking.go:1572: INFO Driver found driver="{ID:8ffc08b2-91a5-11f1-b287-06db06437209 FirstName:Moh LastName:Mdee Phone:550880112 Email:moh@example.com AvatarURL:}"
2026/09/05 07:02:44 booking.go:1572: INFO Driver found driver="{ID:8ffc08b2-91a5-11f1-b287-06db06437209 FirstName:Moh LastName:Mdee Phone:550880112 Email:moh@example.com AvatarURL:}"
2026/09/05 07:02:57 booking.go:1572: INFO Driver found driver="{ID:8ffc08b2-91a5-11f1-b287-06db06437209 FirstName:Moh LastName:Mdee Phone:550880112 Email:moh@example.com AvatarURL:}"
2026/09/05 16:21:32 booking.go:1572: INFO Driver found driver="{ID:8ffc08b2-91a5-11f1-b287-06db06437209 FirstName:Moh LastName:Mdee Phone:550880112 Email:moh@example.com AvatarURL:}"
2026/09/05 16:21:36 booking.go:1572: INFO Driver found driver="{ID:8ffc08b2-91a5-11f1-b287-06db06437209 FirstName:Moh LastName:Mdee Phone:550880112 Email:moh@example.com AvatarURL:}"
2026/09/05 16:21:36 booking.go:1572: INFO Driver found driver="{ID:8ffc08b2-91a5-11f1-b287-06db06437209 FirstName:Moh LastName:Mdee Phone:550880112 Email:moh@example.com AvatarURL:}"
2026/09/05 16:21:36 notification.go:179: [NOTIFY] ✅ Created notification record
2026/09/05 16:21:36 notification.go:179: [NOTIFY] ✅ Created notification record
2026/09/05 16:21:36 notification.go:235: [NOTIFY] ❌ Push failed for booking #162: The registration token is not a valid FCM registration token
2026/09/05 16:21:36 notification.go:235: [NOTIFY] ❌ Push failed for booking #161: The registration token is not a valid FCM registration token
2026/09/05 16:21:36 email.go:526: Failed to send scheduled ride notification to moh@example.com: [ERROR]: Invalid `to` field. Please use our testing email address instead of domains like `example.com`. See our documentation for more information.
2026/09/05 16:21:36 notification.go:255: [NOTIFY] ❌ Email failed for booking #162: [ERROR]: Invalid `to` field. Please use our testing email address instead of domains like `example.com`. See our documentation for more information.
2026/09/05 16:21:36 email.go:526: Failed to send scheduled ride notification to moh@example.com: [ERROR]: Invalid `to` field. Please use our testing email address instead of domains like `example.com`. See our documentation for more information.
2026/09/05 16:21:36 notification.go:255: [NOTIFY] ❌ Email failed for booking #161: [ERROR]: Invalid `to` field. Please use our testing email address instead of domains like `example.com`. See our documentation for more information.
2026/09/05 16:23:54 booking.go:1572: INFO Driver found driver="{ID:eba25e11-7fd2-4e8c-af59-30dd46d34062 FirstName:Test LastName:User Phone:540998223 Email:tempmail@yahoo.com AvatarURL:https://pub-daac3eb7fee34fb0a080788f413304b1.r2.dev/avatar_axis.png}"
2026/09/05 16:23:54 booking.go:1572: INFO Driver found driver="{ID:eba25e11-7fd2-4e8c-af59-30dd46d34062 FirstName:Test LastName:User Phone:540998223 Email:tempmail@yahoo.com AvatarURL:https://pub-daac3eb7fee34fb0a080788f413304b1.r2.dev/avatar_axis.png}"
2026/09/05 16:23:54 notification.go:179: [NOTIFY] ✅ Created notification record
2026/09/05 16:23:54 notification.go:235: [NOTIFY] ❌ Push failed for booking #163: NotRegistered
2026/09/05 16:23:54 email.go:530: Scheduled ride notification sent to tempmail@yahoo.com
2026/09/05 16:23:54 notification.go:257: [NOTIFY] ✅ Email sent for booking #163 to tempmail@yahoo.com
2026/09/05 20:51:45 booking.go:1572: INFO Driver found driver="{ID:b827711c-918c-11f1-b287-06db06437209 FirstName:Kwame LastName:Test Phone:550880117 Email:testdriver@example.com AvatarURL:}"
2026/09/05 20:51:48 booking.go:1572: INFO Driver found driver="{ID:b827711c-918c-11f1-b287-06db06437209 FirstName:Kwame LastName:Test Phone:550880117 Email:testdriver@example.com AvatarURL:}"
2026/09/05 20:51:52 booking.go:1572: INFO Driver found driver="{ID:b827711c-918c-11f1-b287-06db06437209 FirstName:Kwame LastName:Test Phone:550880117 Email:testdriver@example.com AvatarURL:}"
2026/09/05 20:51:55 booking.go:1572: INFO Driver found driver="{ID:b827711c-918c-11f1-b287-06db06437209 FirstName:Kwame LastName:Test Phone:550880117 Email:testdriver@example.com AvatarURL:}"
2026/09/05 20:51:59 booking.go:1572: INFO Driver found driver="{ID:b827711c-918c-11f1-b287-06db06437209 FirstName:Kwame LastName:Test Phone:550880117 Email:testdriver@example.com AvatarURL:}"
2026/09/05 20:52:02 booking.go:1572: INFO Driver found driver="{ID:b827711c-918c-11f1-b287-06db06437209 FirstName:Kwame LastName:Test Phone:550880117 Email:testdriver@example.com AvatarURL:}"
2026/09/05 20:52:19 booking.go:1572: INFO Driver found driver="{ID:b827711c-918c-11f1-b287-06db06437209 FirstName:Kwame LastName:Test Phone:550880117 Email:testdriver@example.com AvatarURL:}"
2026/09/05 20:52:32 booking.go:1572: INFO Driver found driver="{ID:b827711c-918c-11f1-b287-06db06437209 FirstName:Kwame LastName:Test Phone:550880117 Email:testdriver@example.com AvatarURL:}"
2026/09/05 20:53:05 booking.go:1572: INFO Driver found driver="{ID:b827711c-918c-11f1-b287-06db06437209 FirstName:Kwame LastName:Test Phone:550880117 Email:testdriver@example.com AvatarURL:}"
2026/09/05 20:53:33 booking.go:1572: INFO Driver found driver="{ID:b827711c-918c-11f1-b287-06db06437209 FirstName:Kwame LastName:Test Phone:550880117 Email:testdriver@example.com AvatarURL:}"
2026/09/05 20:54:37 booking.go:1572: INFO Driver found driver="{ID:b827711c-918c-11f1-b287-06db06437209 FirstName:Kwame LastName:Test Phone:550880117 Email:testdriver@example.com AvatarURL:}"
2026/09/05 20:56:38 booking.go:1572: INFO Driver found driver="{ID:b827711c-918c-11f1-b287-06db06437209 FirstName:Kwame LastName:Test Phone:550880117 Email:testdriver@example.com AvatarURL:}"
2026/09/05 20:58:41 booking.go:1572: INFO Driver found driver="{ID:b827711c-918c-11f1-b287-06db06437209 FirstName:Kwame LastName:Test Phone:550880117 Email:testdriver@example.com AvatarURL:}"
2026/09/05 21:01:21 booking.go:1572: INFO Driver found driver="{ID:b827711c-918c-11f1-b287-06db06437209 FirstName:Kwame LastName:Test Phone:550880117 Email:testdriver@example.com AvatarURL:}"
2026/09/06 04:47:17 booking.go:1572: INFO Driver found driver="{ID:b827711c-918c-11f1-b287-06db06437209 FirstName:Kwame LastName:Test Phone:550880117 Email:testdriver@example.com AvatarURL:}"
2026/09/06 04:47:17 booking.go:1572: INFO Driver found driver="{ID:b827711c-918c-11f1-b287-06db06437209 FirstName:Kwame LastName:Test Phone:550880117 Email:testdriver@example.com AvatarURL:}"
2026/09/06 04:47:17 notification.go:179: [NOTIFY] ✅ Created notification record
2026/09/06 04:47:18 notification.go:235: [NOTIFY] ❌ Push failed for booking #165: SenderId mismatch
2026/09/06 04:47:18 email.go:526: Failed to send scheduled ride notification to testdriver@example.com: [ERROR]: Invalid `to` field. Please use our testing email address instead of domains like `example.com`. See our documentation for more information.
2026/09/06 04:47:18 notification.go:255: [NOTIFY] ❌ Email failed for booking #165: [ERROR]: Invalid `to` field. Please use our testing email address instead of domains like `example.com`. See our documentation for more information.
2026/09/06 04:50:13 booking.go:1572: INFO Driver found driver="{ID:b827711c-918c-11f1-b287-06db06437209 FirstName:Kwame LastName:Test Phone:550880117 Email:testdriver@example.com AvatarURL:}"
2026/09/06 14:44:12 booking.go:1572: INFO Driver found driver="{ID:d1aeb66f-90c7-11f1-b287-06db06437209 FirstName:Acheampong LastName:Kofi Ofosu-Appiah Phone:244221036 Email:kofiache77@gmail.com AvatarURL:https://pub-daac3eb7fee34fb0a080788f413304b1.r2.dev/avatar_axis.png}"
2026/09/06 14:44:12 booking.go:1572: INFO Driver found driver="{ID:d1aeb66f-90c7-11f1-b287-06db06437209 FirstName:Acheampong LastName:Kofi Ofosu-Appiah Phone:244221036 Email:kofiache77@gmail.com AvatarURL:https://pub-daac3eb7fee34fb0a080788f413304b1.r2.dev/avatar_axis.png}"
2026/09/06 14:44:12 notification.go:179: [NOTIFY] ✅ Created notification record
2026/09/06 14:44:12 notification.go:235: [NOTIFY] ❌ Push failed for booking #166: The registration token is not a valid FCM registration token
2026/09/06 14:44:12 email.go:530: Scheduled ride notification sent to kofiache77@gmail.com
2026/09/06 14:44:12 notification.go:257: [NOTIFY] ✅ Email sent for booking #166 to kofiache77@gmail.com
2026/09/06 14:49:05 booking.go:1572: INFO Driver found driver="{ID:d1aeb66f-90c7-11f1-b287-06db06437209 FirstName:Acheampong LastName:Kofi Ofosu-Appiah Phone:244221036 Email:kofiache77@gmail.com AvatarURL:https://pub-daac3eb7fee34fb0a080788f413304b1.r2.dev/avatar_axis.png}"
2026/09/06 14:50:20 booking.go:1572: INFO Driver found driver="{ID:d1aeb66f-90c7-11f1-b287-06db06437209 FirstName:Acheampong LastName:Kofi Ofosu-Appiah Phone:244221036 Email:kofiache77@gmail.com AvatarURL:https://pub-daac3eb7fee34fb0a080788f413304b1.r2.dev/avatar_axis.png}"
2026/09/06 15:33:00 booking.go:1572: INFO Driver found driver="{ID:b827711c-918c-11f1-b287-06db06437209 FirstName:Kwame LastName:Test Phone:550880117 Email:testdriver@example.com AvatarURL:}"
2026/09/06 15:34:38 booking.go:1572: INFO Driver found driver="{ID:b827711c-918c-11f1-b287-06db06437209 FirstName:Kwame LastName:Test Phone:550880117 Email:testdriver@example.com AvatarURL:}"
2026/09/06 15:36:07 booking.go:1572: INFO Driver found driver="{ID:b827711c-918c-11f1-b287-06db06437209 FirstName:Kwame LastName:Test Phone:550880117 Email:testdriver@example.com AvatarURL:}"
2026/09/06 15:40:36 booking.go:1572: INFO Driver found driver="{ID:b827711c-918c-11f1-b287-06db06437209 FirstName:Kwame LastName:Test Phone:550880117 Email:testdriver@example.com AvatarURL:}"
2026/09/06 19:37:58 booking.go:1572: INFO Driver found driver="{ID:b827711c-918c-11f1-b287-06db06437209 FirstName:Kwame LastName:Test Phone:550880117 Email:testdriver@example.com AvatarURL:}"
2026/09/06 20:03:25 booking.go:1572: INFO Driver found driver="{ID:b827711c-918c-11f1-b287-06db06437209 FirstName:Kwame LastName:Test Phone:550880117 Email:testdriver@example.com AvatarURL:}"
2026/09/07 09:29:28 hotel.go:192: Google login: email=victorblavo@gmail.com, member.HotelID=fdeb51b7-e243-439c-9f72-bbe638eb3556, hotel.Status=active
2026/09/07 12:17:25 hotel.go:192: Google login: email=dev.ayomide@gmail.com, member.HotelID=eeb9f3d4-d79a-4257-b1e2-095809e4c4be, hotel.Status=active
2026/09/07 12:59:41 booking.go:1572: INFO Driver found driver="{ID:b827711c-918c-11f1-b287-06db06437209 FirstName:Kwame LastName:Test Phone:550880117 Email:testdriver@example.com AvatarURL:}"
2026/09/07 12:59:41 booking.go:1572: INFO Driver found driver="{ID:b827711c-918c-11f1-b287-06db06437209 FirstName:Kwame LastName:Test Phone:550880117 Email:testdriver@example.com AvatarURL:}"
2026/09/07 12:59:41 notification.go:179: [NOTIFY] ✅ Created notification record
2026/09/07 12:59:41 notification.go:235: [NOTIFY] ❌ Push failed for booking #168: SenderId mismatch
2026/09/07 12:59:41 email.go:526: Failed to send scheduled ride notification to testdriver@example.com: [ERROR]: Invalid `to` field. Please use our testing email address instead of domains like `example.com`. See our documentation for more information.
2026/09/07 12:59:41 notification.go:255: [NOTIFY] ❌ Email failed for booking #168: [ERROR]: Invalid `to` field. Please use our testing email address instead of domains like `example.com`. See our documentation for more information.
2026/09/07 15:41:16 logger.go:21: === API Started ===
2026/09/07 15:41:16 db.go:32: Database connected
2026/09/07 15:41:16 db.go:42: Migration done
2026/09/07 15:41:16 redis.go:23: Connected to Redis
2026/09/07 15:41:16 notification.go:42: ✅ FCM initialized
2026/09/07 15:41:16 google.go:46: Firebase initialized successfully
2026/09/07 15:41:16 main.go:150: Go API running on :8081
2026/09/07 15:42:02 logger.go:21: === API Started ===
2026/09/07 15:42:02 db.go:32: Database connected
2026/09/07 15:42:02 db.go:42: Migration done
2026/09/07 15:42:02 redis.go:23: Connected to Redis
2026/09/07 15:42:02 notification.go:42: ✅ FCM initialized
2026/09/07 15:42:02 google.go:46: Firebase initialized successfully
2026/09/07 15:42:02 main.go:150: Go API running on :8081
2026/09/07 15:57:23 booking.go:1582: INFO Driver found driver="{ID:8ffc08b2-91a5-11f1-b287-06db06437209 FirstName:Moh LastName:Mdee Phone:550880112 Email:moh@example.com AvatarURL:}"
2026/09/07 15:57:23 booking.go:1582: INFO Driver found driver="{ID:8ffc08b2-91a5-11f1-b287-06db06437209 FirstName:Moh LastName:Mdee Phone:550880112 Email:moh@example.com AvatarURL:}"
2026/09/07 15:57:23 notification.go:179: [NOTIFY] ✅ Created notification record
2026/09/07 15:57:23 notification.go:235: [NOTIFY] ❌ Push failed for booking #169: The registration token is not a valid FCM registration token
2026/09/07 15:57:23 email.go:526: Failed to send scheduled ride notification to moh@example.com: [ERROR]: Invalid `to` field. Please use our testing email address instead of domains like `example.com`. See our documentation for more information.
2026/09/07 15:57:23 notification.go:255: [NOTIFY] ❌ Email failed for booking #169: [ERROR]: Invalid `to` field. Please use our testing email address instead of domains like `example.com`. See our documentation for more information.
2026/09/07 16:13:00 booking.go:1582: INFO Driver found driver="{ID:8ffc08b2-91a5-11f1-b287-06db06437209 FirstName:Moh LastName:Mdee Phone:550880112 Email:moh@example.com AvatarURL:}"
2026/09/07 16:13:02 booking.go:1582: INFO Driver found driver="{ID:8ffc08b2-91a5-11f1-b287-06db06437209 FirstName:Moh LastName:Mdee Phone:550880112 Email:moh@example.com AvatarURL:}"
2026/09/07 16:13:02 booking.go:1582: INFO Driver found driver="{ID:8ffc08b2-91a5-11f1-b287-06db06437209 FirstName:Moh LastName:Mdee Phone:550880112 Email:moh@example.com AvatarURL:}"
2026/09/07 16:13:02 notification.go:179: [NOTIFY] ✅ Created notification record
2026/09/07 16:13:03 notification.go:235: [NOTIFY] ❌ Push failed for booking #170: The registration token is not a valid FCM registration token
2026/09/07 16:13:03 email.go:526: Failed to send scheduled ride notification to moh@example.com: [ERROR]: Invalid `to` field. Please use our testing email address instead of domains like `example.com`. See our documentation for more information.
2026/09/07 16:13:03 notification.go:255: [NOTIFY] ❌ Email failed for booking #170: [ERROR]: Invalid `to` field. Please use our testing email address instead of domains like `example.com`. See our documentation for more information.
2026/09/07 21:06:45 logger.go:21: === API Started ===
2026/09/07 21:06:45 db.go:32: Database connected
2026/09/07 21:06:45 db.go:42: Migration done
2026/09/07 21:06:45 redis.go:23: Connected to Redis
2026/09/07 21:06:45 notification.go:42: ✅ FCM initialized
2026/09/07 21:06:45 google.go:46: Firebase initialized successfully
2026/09/07 21:06:45 main.go:150: Go API running on :8081
2026/09/07 21:49:47 logger.go:21: === API Started ===
2026/09/07 21:49:47 db.go:32: Database connected
2026/09/07 21:49:47 db.go:42: Migration done
2026/09/07 21:49:47 redis.go:23: Connected to Redis
2026/09/07 21:49:47 notification.go:42: ✅ FCM initialized
2026/09/07 21:49:47 google.go:46: Firebase initialized successfully
2026/09/07 21:49:47 main.go:150: Go API running on :8081
2026/09/07 21:50:03 logger.go:21: === API Started ===
2026/09/07 21:50:03 db.go:32: Database connected
2026/09/07 21:50:03 db.go:42: Migration done
2026/09/07 21:50:03 redis.go:23: Connected to Redis
2026/09/07 21:50:03 notification.go:42: ✅ FCM initialized
2026/09/07 21:50:03 google.go:46: Firebase initialized successfully
2026/09/07 21:50:03 main.go:150: Go API running on :8081
2026/09/07 21:54:06 logger.go:21: === API Started ===
2026/09/07 21:54:06 db.go:32: Database connected
2026/09/07 21:54:06 db.go:42: Migration done
2026/09/07 21:54:06 redis.go:23: Connected to Redis
2026/09/07 21:54:06 notification.go:42: ✅ FCM initialized
2026/09/07 21:54:06 google.go:46: Firebase initialized successfully
2026/09/07 21:54:06 main.go:150: Go API running on :8081
2026/09/07 22:03:18 logger.go:21: === API Started ===
2026/09/07 22:03:18 db.go:32: Database connected
2026/09/07 22:03:18 db.go:42: Migration done
2026/09/07 22:03:18 redis.go:23: Connected to Redis
2026/09/07 22:03:18 notification.go:42: ✅ FCM initialized
2026/09/07 22:03:18 google.go:46: Firebase initialized successfully
2026/09/07 22:03:18 main.go:150: Go API running on :8081
2026/09/07 22:28:23 logger.go:21: === API Started ===
2026/09/07 22:28:23 db.go:32: Database connected
2026/09/07 22:28:23 db.go:42: Migration done
2026/09/07 22:28:23 redis.go:23: Connected to Redis
2026/09/07 22:28:23 notification.go:42: ✅ FCM initialized
2026/09/07 22:28:23 google.go:46: Firebase initialized successfully
2026/09/07 22:28:23 main.go:150: Go API running on :8081
2026/09/07 22:29:43 logger.go:21: === API Started ===
2026/09/07 22:29:43 db.go:32: Database connected
2026/09/07 22:29:44 db.go:42: Migration done
2026/09/07 22:29:44 redis.go:23: Connected to Redis
2026/09/07 22:29:44 notification.go:42: ✅ FCM initialized
2026/09/07 22:29:44 google.go:46: Firebase initialized successfully
2026/09/07 22:29:44 main.go:150: Go API running on :8081
2026/09/07 22:32:38 logger.go:21: === API Started ===
2026/09/07 22:32:38 db.go:32: Database connected
2026/09/07 22:32:38 db.go:42: Migration done
2026/09/07 22:32:38 redis.go:23: Connected to Redis
2026/09/07 22:32:38 notification.go:42: ✅ FCM initialized
2026/09/07 22:32:38 google.go:46: Firebase initialized successfully
2026/09/07 22:32:38 main.go:150: Go API running on :8081
2026/09/07 22:38:28 logger.go:21: === API Started ===
2026/09/07 22:38:28 db.go:32: Database connected
2026/09/07 22:38:28 db.go:42: Migration done
2026/09/07 22:38:28 redis.go:23: Connected to Redis
2026/09/07 22:38:28 notification.go:42: ✅ FCM initialized
2026/09/07 22:38:28 google.go:46: Firebase initialized successfully
2026/09/07 22:38:28 main.go:150: Go API running on :8081
2026/09/07 22:41:44 logger.go:21: === API Started ===
2026/09/07 22:41:44 db.go:32: Database connected
2026/09/07 22:41:44 db.go:42: Migration done
2026/09/07 22:41:44 redis.go:23: Connected to Redis
2026/09/07 22:41:44 notification.go:42: ✅ FCM initialized
2026/09/07 22:41:44 google.go:46: Firebase initialized successfully
2026/09/07 22:41:44 main.go:150: Go API running on :8081
2026/09/07 22:46:47 logger.go:21: === API Started ===
2026/09/07 22:46:47 db.go:32: Database connected
2026/09/07 22:46:47 db.go:42: Migration done
2026/09/07 22:46:47 redis.go:23: Connected to Redis
2026/09/07 22:46:47 notification.go:42: ✅ FCM initialized
2026/09/07 22:46:47 google.go:46: Firebase initialized successfully
2026/09/07 22:46:47 main.go:150: Go API running on :8081
2026/09/07 22:50:15 booking.go:1562: INFO Driver found driver="{ID:eba25e11-7fd2-4e8c-af59-30dd46d34062 FirstName:Test LastName:User Phone:540998223 Email:tempmail@yahoo.com AvatarURL:https://pub-daac3eb7fee34fb0a080788f413304b1.r2.dev/avatar_axis.png}"
2026/09/07 22:50:15 booking.go:1562: INFO Driver found driver="{ID:eba25e11-7fd2-4e8c-af59-30dd46d34062 FirstName:Test LastName:User Phone:540998223 Email:tempmail@yahoo.com AvatarURL:https://pub-daac3eb7fee34fb0a080788f413304b1.r2.dev/avatar_axis.png}"
2026/09/07 22:50:15 notification.go:179: [NOTIFY] ✅ Created notification record
2026/09/07 22:50:15 notification.go:235: [NOTIFY] ❌ Push failed for booking #172: The registration token is not a valid FCM registration token
2026/09/07 22:50:15 email.go:530: Scheduled ride notification sent to tempmail@yahoo.com
2026/09/07 22:50:15 notification.go:257: [NOTIFY] ✅ Email sent for booking #172 to tempmail@yahoo.com
2026/09/07 23:11:42 logger.go:21: === API Started ===
2026/09/07 23:11:42 db.go:32: Database connected
2026/09/07 23:11:42 db.go:42: Migration done
2026/09/07 23:11:42 redis.go:23: Connected to Redis
2026/09/07 23:11:42 notification.go:42: ✅ FCM initialized
2026/09/07 23:11:42 google.go:46: Firebase initialized successfully
2026/09/07 23:11:42 main.go:150: Go API running on :8081
2026/09/07 23:44:05 logger.go:21: === API Started ===
2026/09/07 23:44:05 db.go:32: Database connected
2026/09/07 23:44:05 db.go:42: Migration done
2026/09/07 23:44:05 redis.go:23: Connected to Redis
2026/09/07 23:44:05 notification.go:42: ✅ FCM initialized
2026/09/07 23:44:05 reconcile.go:13: INFO payment reconciler started
2026/09/07 23:44:05 main.go:42: INFO booking cleanup worker started
2026/09/07 23:44:05 google.go:46: Firebase initialized successfully
2026/09/07 23:44:05 main.go:178: Go API running on :8081
2026/09/07 23:49:49 hotel.go:190: Google login: email=dev.ayomide@gmail.com, member.HotelID=eeb9f3d4-d79a-4257-b1e2-095809e4c4be, hotel.Status=active
2026/09/07 23:54:05 main.go:68: INFO expired stale pending bookings count=8
2026/09/08 00:02:13 logger.go:21: === API Started ===
2026/09/08 00:02:13 db.go:32: Database connected
2026/09/08 00:02:13 db.go:42: Migration done
2026/09/08 00:02:13 redis.go:23: Connected to Redis
2026/09/08 00:02:13 notification.go:42: ✅ FCM initialized
2026/09/08 00:02:13 main.go:42: INFO booking cleanup worker started
2026/09/08 00:02:13 reconcile.go:13: INFO payment reconciler started
2026/09/08 00:02:13 google.go:46: Firebase initialized successfully
2026/09/08 00:02:13 main.go:178: Go API running on :8081
2026/09/08 00:04:05 booking.go:1376: INFO Driver found driver="{ID:8ffc08b2-91a5-11f1-b287-06db06437209 FirstName:Moh LastName:Mdee Phone:550880112 Email:moh@example.com AvatarURL:}"
2026/09/08 00:04:05 booking.go:1376: INFO Driver found driver="{ID:8ffc08b2-91a5-11f1-b287-06db06437209 FirstName:Moh LastName:Mdee Phone:550880112 Email:moh@example.com AvatarURL:}"
2026/09/08 00:04:05 notification.go:179: [NOTIFY] ✅ Created notification record
2026/09/08 00:04:06 notification.go:235: [NOTIFY] ❌ Push failed for booking #173: The registration token is not a valid FCM registration token
2026/09/08 00:04:06 email.go:526: Failed to send scheduled ride notification to moh@example.com: [ERROR]: Invalid `to` field. Please use our testing email address instead of domains like `example.com`. See our documentation for more information.
2026/09/08 00:04:06 notification.go:255: [NOTIFY] ❌ Email failed for booking #173: [ERROR]: Invalid `to` field. Please use our testing email address instead of domains like `example.com`. See our documentation for more information.
2026/09/08 00:10:14 logger.go:21: === API Started ===
2026/09/08 00:10:14 db.go:32: Database connected
2026/09/08 00:10:14 db.go:42: Migration done
2026/09/08 00:10:14 redis.go:23: Connected to Redis
2026/09/08 00:10:14 notification.go:42: ✅ FCM initialized
2026/09/08 00:10:14 google.go:46: Firebase initialized successfully
2026/09/08 00:10:14 main.go:178: Go API running on :8081
2026/09/08 00:10:14 reconcile.go:13: INFO payment reconciler started
2026/09/08 00:10:14 main.go:42: INFO booking cleanup worker started
2026/09/08 00:11:03 logger.go:21: === API Started ===
2026/09/08 00:11:03 db.go:32: Database connected
2026/09/08 00:11:03 db.go:42: Migration done
2026/09/08 00:11:03 redis.go:23: Connected to Redis
2026/09/08 00:11:03 notification.go:42: ✅ FCM initialized
2026/09/08 00:11:03 reconcile.go:13: INFO payment reconciler started
2026/09/08 00:11:03 main.go:42: INFO booking cleanup worker started
2026/09/08 00:11:03 google.go:46: Firebase initialized successfully
2026/09/08 00:11:03 main.go:178: Go API running on :8081
2026/09/08 00:12:53 booking.go:1376: INFO Driver found driver="{ID:b827711c-918c-11f1-b287-06db06437209 FirstName:Kwame LastName:Test Phone:550880117 Email:testdriver@example.com AvatarURL:}"
2026/09/08 00:12:53 booking.go:1376: INFO Driver found driver="{ID:b827711c-918c-11f1-b287-06db06437209 FirstName:Kwame LastName:Test Phone:550880117 Email:testdriver@example.com AvatarURL:}"
2026/09/08 00:12:53 notification.go:179: [NOTIFY] ✅ Created notification record
2026/09/08 00:12:53 notification.go:235: [NOTIFY] ❌ Push failed for booking #174: SenderId mismatch
2026/09/08 00:12:53 email.go:931: Booking confirmation sent to dev.ayomide@gmail.com
2026/09/08 00:12:53 email.go:526: Failed to send scheduled ride notification to testdriver@example.com: [ERROR]: Invalid `to` field. Please use our testing email address instead of domains like `example.com`. See our documentation for more information.
2026/09/08 00:12:53 notification.go:255: [NOTIFY] ❌ Email failed for booking #174: [ERROR]: Invalid `to` field. Please use our testing email address instead of domains like `example.com`. See our documentation for more information.
